/*
 Navicat Premium Data Transfer

 Source Server         : 192.168.230.128_3306
 Source Server Type    : MySQL
 Source Server Version : 50718
 Source Host           : 192.168.230.128:3306
 Source Schema         : p2padmin

 Target Server Type    : MySQL
 Target Server Version : 50718
 File Encoding         : 65001

 Date: 20/11/2017 08:54:16
*/

SET NAMES utf8mb4;
SET FOREIGN_KEY_CHECKS = 0;

-- ----------------------------
-- Table structure for b_creditor_rights
-- ----------------------------
DROP TABLE IF EXISTS `b_creditor_rights`;
CREATE TABLE `b_creditor_rights`  (
  `id` int(11) NOT NULL AUTO_INCREMENT COMMENT '主键',
  `apply_no` varchar(50) CHARACTER SET utf8 COLLATE utf8_general_ci DEFAULT '0' COMMENT '借款申请编号',
  `into_source` int(11) DEFAULT NULL COMMENT '进件来源',
  `apply_product` int(11) DEFAULT NULL COMMENT '申请借款产品',
  `apply_money` double DEFAULT NULL COMMENT '申请借款金额',
  `apply_term` int(11) DEFAULT NULL COMMENT '申请借款期限（月）',
  `apply_purpose` varchar(50) CHARACTER SET utf8 COLLATE utf8_general_ci DEFAULT NULL COMMENT '申请借款目的',
  `borrower_realname` varchar(50) CHARACTER SET utf8 COLLATE utf8_general_ci DEFAULT NULL COMMENT '借款人真实姓名',
  `borrower_idcard` varchar(50) CHARACTER SET utf8 COLLATE utf8_general_ci DEFAULT NULL COMMENT '借款人身份证号',
  `borrower_sex` int(11) DEFAULT NULL COMMENT '借款人性别',
  `borrower_age` int(11) DEFAULT NULL COMMENT '借款人年龄',
  `borrower_education` int(11) DEFAULT NULL COMMENT '借款人学历',
  `borrower_marital` int(11) DEFAULT NULL COMMENT '借款人婚姻状况',
  `borrower_city` int(11) DEFAULT NULL COMMENT '借款人现所在城市',
  `borrower_present_address` varchar(50) CHARACTER SET utf8 COLLATE utf8_general_ci DEFAULT NULL COMMENT '借款人现住址',
  `borrower_bank_account` varchar(50) CHARACTER SET utf8 COLLATE utf8_general_ci DEFAULT NULL COMMENT '借款人银行账号',
  `borrower_open_bank` varchar(50) CHARACTER SET utf8 COLLATE utf8_general_ci DEFAULT NULL COMMENT '借款人银行账号开户行',
  `borrower_house_count` int(11) DEFAULT NULL COMMENT '借款人房产数',
  `borrower_car_count` int(11) DEFAULT NULL COMMENT '借款人车产数',
  `borrower_work` varchar(50) CHARACTER SET utf8 COLLATE utf8_general_ci DEFAULT NULL COMMENT '借款人工作',
  `borrower_company_name` varchar(50) CHARACTER SET utf8 COLLATE utf8_general_ci DEFAULT NULL COMMENT '借款人公司名称',
  `borrower_company_address` varchar(50) CHARACTER SET utf8 COLLATE utf8_general_ci DEFAULT NULL COMMENT '借款人公司地址',
  `borrower_work_year` int(11) DEFAULT NULL COMMENT '借款人工作年限',
  `borrower_month_salary` double DEFAULT NULL COMMENT '借款人月薪',
  `borrower_credit_report_certification` int(11) DEFAULT NULL COMMENT '借款人信用报告认证状态',
  `borrower_credit_report_certification_time` datetime(0) DEFAULT NULL COMMENT '借款人信用报告认证时间',
  `borrower_idcard_certification` int(11) DEFAULT NULL COMMENT '借款人身份公安认证',
  `borrower_idcard_certification_time` datetime(0) DEFAULT NULL COMMENT '借款人身份公安认证时间',
  `borrower_work_certification` int(11) DEFAULT NULL COMMENT '借款人工作认证',
  `borrower_work_certification_time` datetime(0) DEFAULT NULL COMMENT '借款人工作认证时间',
  `borrower_income_certification` int(11) DEFAULT NULL COMMENT '借款人收入认证',
  `borrower_income_certification_time` datetime(0) DEFAULT NULL COMMENT '借款人收入认证时间',
  `borrower_house_certification` int(11) DEFAULT NULL COMMENT '借款人房产认证',
  `borrower_house_certification_time` datetime(0) DEFAULT NULL COMMENT '借款人房产认证时间',
  `borrower_field_certification` int(11) DEFAULT NULL COMMENT '借款人实地认证',
  `borrower_field_certification_time` datetime(0) DEFAULT NULL COMMENT '借款人实地认证时间',
  `audit_status` int(11) DEFAULT NULL COMMENT '债权审批状态（待审批，审批通过，审批未通过）',
  `audit_time` datetime(0) DEFAULT NULL COMMENT '债权审批时间',
  `audit_loan_term` int(11) DEFAULT NULL COMMENT '债权审批借款期限（月）',
  `audit_loan_money` double DEFAULT NULL COMMENT '债权审批借款金额',
  `contract_loan_money` double DEFAULT NULL COMMENT '签订合同借款金额（加上服务费之后的金额）',
  `consulting_fee` double DEFAULT NULL COMMENT '咨询费',
  `audit_fee` double DEFAULT NULL COMMENT '审核费',
  `service_fee` double DEFAULT NULL COMMENT '服务费',
  `access_fee` double DEFAULT NULL COMMENT '外访服务费',
  `year_rate` double DEFAULT NULL COMMENT '借款年利率',
  `put_money` double DEFAULT NULL COMMENT '放款金额（合同金额减去服务费之后的金额）',
  `creditor_rights_type` int(11) DEFAULT NULL COMMENT '债权类型，0：自主债权，1:三方债权',
  `match_status` int(11) DEFAULT NULL COMMENT '债权匹配状态，0：等待匹配，1：匹配完成',
  `collect_status` varchar(255) CHARACTER SET utf8 COLLATE utf8_general_ci DEFAULT NULL COMMENT '募资状态，0：等待募集，1：募集完成',
  `collect_finish_time` datetime(0) DEFAULT NULL COMMENT '资金募集完成时间',
  `match_finish_time` datetime(0) DEFAULT NULL COMMENT '债权匹配完成时间',
  `loan_contract_path` varchar(150) CHARACTER SET utf8 COLLATE utf8_general_ci DEFAULT NULL COMMENT '债权借款合同URL地址',
  PRIMARY KEY (`id`) USING BTREE
) ENGINE = InnoDB AUTO_INCREMENT = 154 CHARACTER SET = utf8 COLLATE = utf8_general_ci ROW_FORMAT = Dynamic;

-- ----------------------------
-- Records of b_creditor_rights
-- ----------------------------
INSERT INTO `b_creditor_rights` VALUES (1, 'PN20170010010', 1, 1, 12000, 6, '1', '张三丰', '24513414142423432·', 1, 35, 8, 1, 1, '北京市海淀区中关村南大街', '6543232312321111', '1', 1, 1, '12', '金融', '中关村广场', 5, 20000, 2, '2017-10-07 00:00:00', 2, '2017-10-07 00:00:00', 2, '2017-10-07 00:00:00', 2, '2017-10-07 00:00:00', 2, '2017-10-07 00:00:00', 2, '2017-10-07 00:00:00', 1, '2017-10-07 00:00:00', 1, 12000, 12000, 100, 200, 150, 100, 3.7, 12000, 0, 1, '1', '2017-11-08 20:01:46', '2017-10-07 00:00:00', 'group1/M00/00/01/wKjmgFoDFTeAd5OXAAab160pn-Q576.pdf');
INSERT INTO `b_creditor_rights` VALUES (6, 'A32435235', 1, 1, 12000, 1, '1', '张三丰', '24513414142423432·', 1, 35, 8, 1, 1, '北京海淀', '6543232312321111', '1', 1, 1, '12', '金融', '中关村广场', 5, 20000, 2, '2017-10-07 00:00:00', 2, '2017-10-07 00:00:00', 2, '2017-10-07 00:00:00', 2, '2017-10-07 00:00:00', 2, '2017-10-07 00:00:00', 2, '2017-10-07 00:00:00', 1, '2017-10-07 00:00:00', 1, 12000, 12000, 100, 200, 150, 100, 3.7, 12000, 0, 0, NULL, NULL, '2017-10-07 00:00:00', '');
INSERT INTO `b_creditor_rights` VALUES (7, 'A32435235', 1, 1, 12000, 1, '1', '张三丰', '24513414142423432·', 1, 35, 8, 1, 1, '北京海淀', '6543232312321111', '1', 1, 1, '12', '金融', '中关村广场', 5, 20000, 2, '2017-10-07 00:00:00', 2, '2017-10-07 00:00:00', 2, '2017-10-07 00:00:00', 2, '2017-10-07 00:00:00', 2, '2017-10-07 00:00:00', 2, '2017-10-07 00:00:00', 1, '2017-10-07 00:00:00', 1, 12000, 12000, 100, 200, 150, 100, 3.7, 12000, 0, 0, NULL, NULL, '2017-10-07 00:00:00', '');
INSERT INTO `b_creditor_rights` VALUES (8, 'A32435235', 1, 1, 12000, 1, '1', '张三丰', '24513414142423432·', 1, 35, 8, 1, 1, '北京海淀', '6543232312321111', '1', 1, 1, '12', '金融', '中关村广场', 5, 20000, 2, '2017-10-07 00:00:00', 2, '2017-10-07 00:00:00', 2, '2017-10-07 00:00:00', 2, '2017-10-07 00:00:00', 2, '2017-10-07 00:00:00', 2, '2017-10-07 00:00:00', 1, '2017-10-07 00:00:00', 1, 12000, 12000, 100, 200, 150, 100, 3.7, 12000, 0, 0, NULL, NULL, '2017-10-07 00:00:00', '');
INSERT INTO `b_creditor_rights` VALUES (9, 'A32435235', 1, 1, 12000, 1, '1', '张三丰', '24513414142423432·', 1, 35, 8, 1, 1, '北京海淀', '6543232312321111', '1', 1, 1, '12', '金融', '中关村广场', 5, 20000, 2, '2017-10-07 00:00:00', 2, '2017-10-07 00:00:00', 2, '2017-10-07 00:00:00', 2, '2017-10-07 00:00:00', 2, '2017-10-07 00:00:00', 2, '2017-10-07 00:00:00', 1, '2017-10-07 00:00:00', 1, 12000, 12000, 100, 200, 150, 100, 3.7, 12000, 0, 0, NULL, NULL, '2017-10-07 00:00:00', '');
INSERT INTO `b_creditor_rights` VALUES (10, 'A32435235', 1, 1, 12000, 1, '1', '张三丰', '24513414142423432·', 1, 35, 8, 1, 1, '北京海淀', '6543232312321111', '1', 1, 1, '12', '金融', '中关村广场', 5, 20000, 2, '2017-10-07 00:00:00', 2, '2017-10-07 00:00:00', 2, '2017-10-07 00:00:00', 2, '2017-10-07 00:00:00', 2, '2017-10-07 00:00:00', 2, '2017-10-07 00:00:00', 1, '2017-10-07 00:00:00', 1, 12000, 12000, 100, 200, 150, 100, 3.7, 12000, 0, 0, NULL, NULL, '2017-10-07 00:00:00', '');
INSERT INTO `b_creditor_rights` VALUES (11, 'A32435235', 1, 1, 12000, 1, '1', '张三丰', '24513414142423432·', 1, 35, 8, 1, 1, '北京海淀', '6543232312321111', '1', 1, 1, '12', '金融', '中关村广场', 5, 20000, 2, '2017-10-07 00:00:00', 2, '2017-10-07 00:00:00', 2, '2017-10-07 00:00:00', 2, '2017-10-07 00:00:00', 2, '2017-10-07 00:00:00', 2, '2017-10-07 00:00:00', 1, '2017-10-07 00:00:00', 1, 12000, 12000, 100, 200, 150, 100, 3.7, 12000, 0, 0, NULL, NULL, '2017-10-07 00:00:00', '');
INSERT INTO `b_creditor_rights` VALUES (12, 'A32435235', 1, 1, 12000, 1, '1', '张三丰', '24513414142423432·', 1, 35, 8, 1, 1, '北京海淀', '6543232312321111', '1', 1, 1, '12', '金融', '中关村广场', 5, 20000, 2, '2017-10-07 00:00:00', 2, '2017-10-07 00:00:00', 2, '2017-10-07 00:00:00', 2, '2017-10-07 00:00:00', 2, '2017-10-07 00:00:00', 2, '2017-10-07 00:00:00', 1, '2017-10-07 00:00:00', 1, 12000, 12000, 100, 200, 150, 100, 3.7, 12000, 0, 0, NULL, NULL, '2017-10-07 00:00:00', '');
INSERT INTO `b_creditor_rights` VALUES (14, 'A32435235', 1, 1, 12000, 1, '1', '张三丰', '24513414142423432·', 1, 35, 8, 1, 1, '北京海淀', '6543232312321111', '1', 1, 1, '12', '金融', '中关村广场', 5, 20000, 2, '2017-10-07 00:00:00', 2, '2017-10-07 00:00:00', 2, '2017-10-07 00:00:00', 2, '2017-10-07 00:00:00', 2, '2017-10-07 00:00:00', 2, '2017-10-07 00:00:00', 1, '2017-10-07 00:00:00', 1, 12000, 12000, 100, 200, 150, 100, 3.7, 12000, 0, 0, NULL, NULL, '2017-10-07 00:00:00', '');
INSERT INTO `b_creditor_rights` VALUES (15, 'PN20170010010', 1, 1, 12000, 6, '1', '张三丰', '24513414142423432·', 1, 35, 8, 1, 1, '北京市海淀区中关村南大街', '6543232312321111', '1', 1, 1, '12', '金融', '中关村广场', 5, 20000, 2, '2017-10-07 00:00:00', 2, '2017-10-07 00:00:00', 2, '2017-10-07 00:00:00', 2, '2017-11-16 00:00:00', 2, '2017-10-07 00:00:00', 2, '2017-10-07 00:00:00', 1, '2017-10-07 00:00:00', 1, 12000, 12000, 100, 200, 150, 100, 3.7, 12000, 0, 1, NULL, NULL, '2017-10-07 00:00:00', 'group1/M00/00/01/wKjmgFoDFTeAd5OXAAab160pn-Q576.pdf');
INSERT INTO `b_creditor_rights` VALUES (16, 'PN20170010010', 1, 1, 12000, 6, '1', '张三丰', '24513414142423432·', 1, 35, 8, 1, 1, '北京市海淀区中关村南大街', '6543232312321111', '1', 1, 1, '12', '金融', '中关村广场', 5, 20000, 2, '2017-10-07 00:00:00', 2, '2017-10-07 00:00:00', 2, '2017-10-07 00:00:00', 2, '2017-10-07 00:00:00', 2, '2017-10-07 00:00:00', 2, '2017-10-07 00:00:00', 1, '2017-10-07 00:00:00', 1, 12000, 12000, 100, 200, 150, 100, 3.7, 12000, 0, 1, NULL, NULL, '2017-10-07 00:00:00', 'group1/M00/00/01/wKjmgFoDFTeAd5OXAAab160pn-Q576.pdf');
INSERT INTO `b_creditor_rights` VALUES (17, 'PN20170010010', 1, 1, 12000, 6, '1', '张三丰', '24513414142423432·', 1, 35, 8, 1, 1, '北京市海淀区中关村南大街', '6543232312321111', '1', 1, 1, '12', '金融', '中关村广场', 5, 20000, 2, '2017-10-07 00:00:00', 2, '2017-10-07 00:00:00', 2, '2017-10-07 00:00:00', 2, '2017-10-07 00:00:00', 2, '2017-10-07 00:00:00', 2, '2017-10-07 00:00:00', 1, '2017-10-07 00:00:00', 1, 12000, 12000, 100, 200, 150, 100, 3.7, 12000, 0, 1, NULL, NULL, '2017-10-07 00:00:00', 'group1/M00/00/01/wKjmgFoDFTeAd5OXAAab160pn-Q576.pdf');
INSERT INTO `b_creditor_rights` VALUES (18, 'PN20170010010', 1, 1, 12000, 6, '1', '张三丰', '24513414142423432·', 1, 35, 8, 1, 1, '北京市海淀区中关村南大街', '6543232312321111', '1', 1, 1, '12', '金融', '中关村广场', 5, 20000, 2, '2017-10-07 00:00:00', 2, '2017-10-07 00:00:00', 2, '2017-10-07 00:00:00', 2, '2017-10-07 00:00:00', 2, '2017-10-07 00:00:00', 2, '2017-10-07 00:00:00', 1, '2017-10-07 00:00:00', 1, 12000, 12000, 100, 200, 150, 100, 3.7, 12000, 0, 1, NULL, NULL, '2017-10-07 00:00:00', 'group1/M00/00/01/wKjmgFoDFTeAd5OXAAab160pn-Q576.pdf');
INSERT INTO `b_creditor_rights` VALUES (19, 'PN20170010010', 1, 1, 12000, 6, '1', '张三丰', '24513414142423432·', 1, 35, 8, 1, 1, '北京市海淀区中关村南大街', '6543232312321111', '1', 1, 1, '12', '金融', '中关村广场', 5, 20000, 2, '2017-10-07 00:00:00', 2, '2017-10-07 00:00:00', 2, '2017-10-07 00:00:00', 2, '2017-10-07 00:00:00', 2, '2017-10-07 00:00:00', 2, '2017-10-07 00:00:00', 1, '2017-10-07 00:00:00', 1, 12000, 12000, 100, 200, 150, 100, 3.7, 12000, 0, 1, NULL, NULL, '2017-10-07 00:00:00', 'group1/M00/00/01/wKjmgFoDFTeAd5OXAAab160pn-Q576.pdf');
INSERT INTO `b_creditor_rights` VALUES (20, 'PN20170010010', 1, 1, 12000, 6, '1', '张三丰', '24513414142423432·', 1, 35, 8, 1, 1, '北京市海淀区中关村南大街', '6543232312321111', '1', 1, 1, '12', '金融', '中关村广场', 5, 20000, 2, '2017-10-07 00:00:00', 2, '2017-10-07 00:00:00', 2, '2017-10-07 00:00:00', 2, '2017-10-07 00:00:00', 2, '2017-10-07 00:00:00', 2, '2017-10-07 00:00:00', 1, '2017-10-07 00:00:00', 1, 12000, 12000, 100, 200, 150, 100, 3.7, 12000, 0, 1, NULL, NULL, '2017-10-07 00:00:00', 'group1/M00/00/01/wKjmgFoDFTeAd5OXAAab160pn-Q576.pdf');
INSERT INTO `b_creditor_rights` VALUES (21, 'PN20170010010', 1, 1, 12000, 6, '1', '张三丰', '24513414142423432·', 1, 35, 8, 1, 1, '北京市海淀区中关村南大街', '6543232312321111', '1', 1, 1, '12', '金融', '中关村广场', 5, 20000, 2, '2017-10-07 00:00:00', 2, '2017-10-07 00:00:00', 2, '2017-10-07 00:00:00', 2, '2017-10-07 00:00:00', 2, '2017-10-07 00:00:00', 2, '2017-10-07 00:00:00', 1, '2017-10-07 00:00:00', 1, 12000, 12000, 100, 200, 150, 100, 3.7, 12000, 0, 1, NULL, NULL, '2017-10-07 00:00:00', 'group1/M00/00/01/wKjmgFoDFTeAd5OXAAab160pn-Q576.pdf');
INSERT INTO `b_creditor_rights` VALUES (22, 'PN20170010010', 1, 1, 12000, 6, '1', '张三丰', '24513414142423432·', 1, 35, 8, 1, 1, '北京市海淀区中关村南大街', '6543232312321111', '1', 1, 1, '12', '金融', '中关村广场', 5, 20000, 2, '2017-10-07 00:00:00', 2, '2017-10-07 00:00:00', 2, '2017-10-07 00:00:00', 2, '2017-10-07 00:00:00', 2, '2017-10-07 00:00:00', 2, '2017-10-07 00:00:00', 1, '2017-10-07 00:00:00', 1, 12000, 12000, 100, 200, 150, 100, 3.7, 12000, 0, 1, NULL, NULL, '2017-10-07 00:00:00', 'group1/M00/00/01/wKjmgFoDFTeAd5OXAAab160pn-Q576.pdf');
INSERT INTO `b_creditor_rights` VALUES (23, 'PN20170010010', 1, 1, 12000, 6, '1', '张三丰', '24513414142423432·', 1, 35, 8, 1, 1, '北京市海淀区中关村南大街', '6543232312321111', '1', 1, 1, '12', '金融', '中关村广场', 5, 20000, 2, '2017-10-07 00:00:00', 2, '2017-10-07 00:00:00', 2, '2017-10-07 00:00:00', 2, '2017-10-07 00:00:00', 2, '2017-10-07 00:00:00', 2, '2017-10-07 00:00:00', 1, '2017-10-07 00:00:00', 1, 12000, 12000, 100, 200, 150, 100, 3.7, 12000, 0, 1, NULL, NULL, '2017-10-07 00:00:00', 'group1/M00/00/01/wKjmgFoDFTeAd5OXAAab160pn-Q576.pdf');
INSERT INTO `b_creditor_rights` VALUES (24, 'PN20170010010', 1, 1, 12000, 6, '1', '张三丰', '24513414142423432·', 1, 35, 8, 1, 1, '北京市海淀区中关村南大街', '6543232312321111', '1', 1, 1, '12', '金融', '中关村广场', 5, 20000, 2, '2017-10-07 00:00:00', 2, '2017-10-07 00:00:00', 2, '2017-10-07 00:00:00', 2, '2017-10-07 00:00:00', 2, '2017-10-07 00:00:00', 2, '2017-10-07 00:00:00', 1, '2017-10-07 00:00:00', 1, 12000, 12000, 100, 200, 150, 100, 3.7, 12000, 0, 1, NULL, NULL, '2017-10-07 00:00:00', 'group1/M00/00/01/wKjmgFoDFTeAd5OXAAab160pn-Q576.pdf');
INSERT INTO `b_creditor_rights` VALUES (25, 'PN20170010010', 1, 1, 12000, 6, '1', '张三丰', '24513414142423432·', 1, 35, 8, 1, 1, '北京市海淀区中关村南大街', '6543232312321111', '1', 1, 1, '12', '金融', '中关村广场', 5, 20000, 2, '2017-10-07 00:00:00', 2, '2017-10-07 00:00:00', 2, '2017-10-07 00:00:00', 2, '2017-10-07 00:00:00', 2, '2017-10-07 00:00:00', 2, '2017-10-07 00:00:00', 1, '2017-10-07 00:00:00', 1, 12000, 12000, 100, 200, 150, 100, 3.7, 12000, 0, 1, NULL, NULL, '2017-10-07 00:00:00', 'group1/M00/00/01/wKjmgFoDFTeAd5OXAAab160pn-Q576.pdf');
INSERT INTO `b_creditor_rights` VALUES (26, 'PN20170010010', 1, 1, 12000, 6, '1', '张三丰', '24513414142423432·', 1, 35, 8, 1, 1, '北京市海淀区中关村南大街', '6543232312321111', '1', 1, 1, '12', '金融', '中关村广场', 5, 20000, 2, '2017-10-07 00:00:00', 2, '2017-10-07 00:00:00', 2, '2017-10-07 00:00:00', 2, '2017-10-07 00:00:00', 2, '2017-10-07 00:00:00', 2, '2017-10-07 00:00:00', 1, '2017-10-07 00:00:00', 1, 12000, 12000, 100, 200, 150, 100, 3.7, 12000, 0, 1, NULL, NULL, '2017-10-07 00:00:00', 'group1/M00/00/01/wKjmgFoDFTeAd5OXAAab160pn-Q576.pdf');
INSERT INTO `b_creditor_rights` VALUES (27, 'A32435235', 1, 1, 12000, 1, '1', '张三丰', '24513414142423432·', 1, 35, 8, 1, 1, '北京海淀', '6543232312321111', '1', 1, 1, '12', '金融', '中关村广场', 5, 20000, 2, '2017-10-07 00:00:00', 2, '2017-10-07 00:00:00', 2, '2017-10-07 00:00:00', 2, '2017-10-07 00:00:00', 2, '2017-10-07 00:00:00', 2, '2017-10-07 00:00:00', 1, '2017-10-07 00:00:00', 1, 12000, 12000, 100, 200, 150, 100, 3.7, 12000, 0, 0, NULL, NULL, '2017-10-07 00:00:00', '');
INSERT INTO `b_creditor_rights` VALUES (28, 'PN20170010010', 1, 1, 12000, 6, '1', '张三丰', '24513414142423432·', 1, 35, 8, 1, 1, '北京市海淀区中关村南大街', '6543232312321111', '1', 1, 1, '12', '金融', '中关村广场', 5, 20000, 2, '2017-10-07 00:00:00', 2, '2017-10-07 00:00:00', 2, '2017-10-07 00:00:00', 2, '2017-11-16 00:00:00', 2, '2017-10-07 00:00:00', 2, '2017-10-07 00:00:00', 1, '2017-10-07 00:00:00', 1, 12000, 12000, 100, 200, 150, 100, 3.7, 12000, 0, 1, NULL, NULL, '2017-10-07 00:00:00', 'group1/M00/00/01/wKjmgFoDFTeAd5OXAAab160pn-Q576.pdf');
INSERT INTO `b_creditor_rights` VALUES (29, 'PN20170010010', 1, 1, 12000, 6, '1', '张三丰', '24513414142423432·', 1, 35, 8, 1, 1, '北京市海淀区中关村南大街', '6543232312321111', '1', 1, 1, '12', '金融', '中关村广场', 5, 20000, 2, '2017-10-07 00:00:00', 2, '2017-10-07 00:00:00', 2, '2017-10-07 00:00:00', 2, '2017-11-16 00:00:00', 2, '2017-10-07 00:00:00', 2, '2017-10-07 00:00:00', 1, '2017-10-07 00:00:00', 1, 12000, 12000, 100, 200, 150, 100, 3.7, 12000, 0, 1, NULL, NULL, '2017-10-07 00:00:00', 'group1/M00/00/01/wKjmgFoDFTeAd5OXAAab160pn-Q576.pdf');
INSERT INTO `b_creditor_rights` VALUES (30, 'PN20170010010', 1, 1, 12000, 6, '1', '张三丰', '24513414142423432·', 1, 35, 8, 1, 1, '北京市海淀区中关村南大街', '6543232312321111', '1', 1, 1, '12', '金融', '中关村广场', 5, 20000, 2, '2017-10-07 00:00:00', 2, '2017-10-07 00:00:00', 2, '2017-10-07 00:00:00', 2, '2017-11-16 00:00:00', 2, '2017-10-07 00:00:00', 2, '2017-10-07 00:00:00', 1, '2017-10-07 00:00:00', 1, 12000, 12000, 100, 200, 150, 100, 3.7, 12000, 0, 1, NULL, NULL, '2017-10-07 00:00:00', 'group1/M00/00/01/wKjmgFoDFTeAd5OXAAab160pn-Q576.pdf');
INSERT INTO `b_creditor_rights` VALUES (31, 'PN20170010010', 1, 1, 12000, 6, '1', '张三丰', '24513414142423432·', 1, 35, 8, 1, 1, '北京市海淀区中关村南大街', '6543232312321111', '1', 1, 1, '12', '金融', '中关村广场', 5, 20000, 2, '2017-10-07 00:00:00', 2, '2017-10-07 00:00:00', 2, '2017-10-07 00:00:00', 2, '2017-11-16 00:00:00', 2, '2017-10-07 00:00:00', 2, '2017-10-07 00:00:00', 1, '2017-10-07 00:00:00', 1, 12000, 12000, 100, 200, 150, 100, 3.7, 12000, 0, 1, NULL, NULL, '2017-10-07 00:00:00', 'group1/M00/00/01/wKjmgFoDFTeAd5OXAAab160pn-Q576.pdf');
INSERT INTO `b_creditor_rights` VALUES (32, 'PN20170010010', 1, 1, 12000, 6, '1', '张三丰', '24513414142423432·', 1, 35, 8, 1, 1, '北京市海淀区中关村南大街', '6543232312321111', '1', 1, 1, '12', '金融', '中关村广场', 5, 20000, 2, '2017-10-07 00:00:00', 2, '2017-10-07 00:00:00', 2, '2017-10-07 00:00:00', 2, '2017-11-16 00:00:00', 2, '2017-10-07 00:00:00', 2, '2017-10-07 00:00:00', 1, '2017-10-07 00:00:00', 1, 12000, 12000, 100, 200, 150, 100, 3.7, 12000, 0, 1, NULL, NULL, '2017-10-07 00:00:00', 'group1/M00/00/01/wKjmgFoDFTeAd5OXAAab160pn-Q576.pdf');
INSERT INTO `b_creditor_rights` VALUES (33, 'PN20170010010', 1, 1, 12000, 6, '1', '张三丰', '24513414142423432·', 1, 35, 8, 1, 1, '北京市海淀区中关村南大街', '6543232312321111', '1', 1, 1, '12', '金融', '中关村广场', 5, 20000, 2, '2017-10-07 00:00:00', 2, '2017-10-07 00:00:00', 2, '2017-10-07 00:00:00', 2, '2017-11-16 00:00:00', 2, '2017-10-07 00:00:00', 2, '2017-10-07 00:00:00', 1, '2017-10-07 00:00:00', 1, 12000, 12000, 100, 200, 150, 100, 3.7, 12000, 0, 1, NULL, NULL, '2017-10-07 00:00:00', 'group1/M00/00/01/wKjmgFoDFTeAd5OXAAab160pn-Q576.pdf');
INSERT INTO `b_creditor_rights` VALUES (34, 'PN20170010010', 1, 1, 12000, 6, '1', '张三丰', '24513414142423432·', 1, 35, 8, 1, 1, '北京市海淀区中关村南大街', '6543232312321111', '1', 1, 1, '12', '金融', '中关村广场', 5, 20000, 2, '2017-10-07 00:00:00', 2, '2017-10-07 00:00:00', 2, '2017-10-07 00:00:00', 2, '2017-11-16 00:00:00', 2, '2017-10-07 00:00:00', 2, '2017-10-07 00:00:00', 1, '2017-10-07 00:00:00', 1, 12000, 12000, 100, 200, 150, 100, 3.7, 12000, 0, 1, NULL, NULL, '2017-10-07 00:00:00', 'group1/M00/00/01/wKjmgFoDFTeAd5OXAAab160pn-Q576.pdf');
INSERT INTO `b_creditor_rights` VALUES (35, 'PN20170010010', 1, 1, 12000, 6, '1', '张三丰', '24513414142423432·', 1, 35, 8, 1, 1, '北京市海淀区中关村南大街', '6543232312321111', '1', 1, 1, '12', '金融', '中关村广场', 5, 20000, 2, '2017-10-07 00:00:00', 2, '2017-10-07 00:00:00', 2, '2017-10-07 00:00:00', 2, '2017-11-16 00:00:00', 2, '2017-10-07 00:00:00', 2, '2017-10-07 00:00:00', 1, '2017-10-07 00:00:00', 1, 12000, 12000, 100, 200, 150, 100, 3.7, 12000, 0, 1, NULL, NULL, '2017-10-07 00:00:00', 'group1/M00/00/01/wKjmgFoDFTeAd5OXAAab160pn-Q576.pdf');
INSERT INTO `b_creditor_rights` VALUES (36, 'PN20170010010', 1, 1, 12000, 6, '1', '张三丰', '24513414142423432·', 1, 35, 8, 1, 1, '北京市海淀区中关村南大街', '6543232312321111', '1', 1, 1, '12', '金融', '中关村广场', 5, 20000, 2, '2017-10-07 00:00:00', 2, '2017-10-07 00:00:00', 2, '2017-10-07 00:00:00', 2, '2017-10-07 00:00:00', 2, '2017-10-07 00:00:00', 2, '2017-10-07 00:00:00', 1, '2017-10-07 00:00:00', 1, 12000, 12000, 100, 200, 150, 100, 3.7, 12000, 0, 1, NULL, NULL, '2017-10-07 00:00:00', 'group1/M00/00/01/wKjmgFoDFTeAd5OXAAab160pn-Q576.pdf');
INSERT INTO `b_creditor_rights` VALUES (37, 'PN20170010010', 1, 1, 12000, 6, '1', '张三丰', '24513414142423432·', 1, 35, 8, 1, 1, '北京市海淀区中关村南大街', '6543232312321111', '1', 1, 1, '12', '金融', '中关村广场', 5, 20000, 2, '2017-10-07 00:00:00', 2, '2017-10-07 00:00:00', 2, '2017-10-07 00:00:00', 2, '2017-10-07 00:00:00', 2, '2017-10-07 00:00:00', 2, '2017-10-07 00:00:00', 1, '2017-10-07 00:00:00', 1, 12000, 12000, 100, 200, 150, 100, 3.7, 12000, 0, 1, NULL, NULL, '2017-10-07 00:00:00', 'group1/M00/00/01/wKjmgFoDFTeAd5OXAAab160pn-Q576.pdf');
INSERT INTO `b_creditor_rights` VALUES (38, 'PN20170010010', 1, 1, 12000, 6, '1', '张三丰', '24513414142423432·', 1, 35, 8, 1, 1, '北京市海淀区中关村南大街', '6543232312321111', '1', 1, 1, '12', '金融', '中关村广场', 5, 20000, 2, '2017-10-07 00:00:00', 2, '2017-10-07 00:00:00', 2, '2017-10-07 00:00:00', 2, '2017-10-07 00:00:00', 2, '2017-10-07 00:00:00', 2, '2017-10-07 00:00:00', 1, '2017-10-07 00:00:00', 1, 12000, 12000, 100, 200, 150, 100, 3.7, 12000, 0, 1, NULL, NULL, '2017-10-07 00:00:00', 'group1/M00/00/01/wKjmgFoDFTeAd5OXAAab160pn-Q576.pdf');
INSERT INTO `b_creditor_rights` VALUES (39, 'PN20170010010', 1, 1, 12000, 6, '1', '张三丰', '24513414142423432·', 1, 35, 8, 1, 1, '北京市海淀区中关村南大街', '6543232312321111', '1', 1, 1, '12', '金融', '中关村广场', 5, 20000, 2, '2017-10-07 00:00:00', 2, '2017-10-07 00:00:00', 2, '2017-10-07 00:00:00', 2, '2017-10-07 00:00:00', 2, '2017-10-07 00:00:00', 2, '2017-10-07 00:00:00', 1, '2017-10-07 00:00:00', 1, 12000, 12000, 100, 200, 150, 100, 3.7, 12000, 0, 1, NULL, NULL, '2017-10-07 00:00:00', 'group1/M00/00/01/wKjmgFoDFTeAd5OXAAab160pn-Q576.pdf');
INSERT INTO `b_creditor_rights` VALUES (40, 'PN20170010010', 1, 1, 12000, 6, '1', '张三丰', '24513414142423432·', 1, 35, 8, 1, 1, '北京市海淀区中关村南大街', '6543232312321111', '1', 1, 1, '12', '金融', '中关村广场', 5, 20000, 2, '2017-10-07 00:00:00', 2, '2017-10-07 00:00:00', 2, '2017-10-07 00:00:00', 2, '2017-11-16 00:00:00', 2, '2017-10-07 00:00:00', 2, '2017-10-07 00:00:00', 1, '2017-10-07 00:00:00', 1, 12000, 12000, 100, 200, 150, 100, 3.7, 12000, 0, 1, NULL, NULL, '2017-10-07 00:00:00', 'group1/M00/00/01/wKjmgFoDFTeAd5OXAAab160pn-Q576.pdf');
INSERT INTO `b_creditor_rights` VALUES (41, 'A32435235', 1, 1, 12000, 1, '1', '张三丰', '24513414142423432·', 1, 35, 8, 1, 1, '北京海淀', '6543232312321111', '1', 1, 1, '12', '金融', '中关村广场', 5, 20000, 2, '2017-10-07 00:00:00', 2, '2017-10-07 00:00:00', 2, '2017-10-07 00:00:00', 2, '2017-10-07 00:00:00', 2, '2017-10-07 00:00:00', 2, '2017-10-07 00:00:00', 1, '2017-10-07 00:00:00', 1, 12000, 12000, 100, 200, 150, 100, 3.7, 12000, 0, 0, NULL, NULL, '2017-10-07 00:00:00', '');
INSERT INTO `b_creditor_rights` VALUES (42, 'A32435235', 1, 1, 12000, 1, '1', '张三丰', '24513414142423432·', 1, 35, 8, 1, 1, '北京海淀', '6543232312321111', '1', 1, 1, '12', '金融', '中关村广场', 5, 20000, 2, '2017-10-07 00:00:00', 2, '2017-10-07 00:00:00', 2, '2017-10-07 00:00:00', 2, '2017-10-07 00:00:00', 2, '2017-10-07 00:00:00', 2, '2017-10-07 00:00:00', 1, '2017-10-07 00:00:00', 1, 12000, 12000, 100, 200, 150, 100, 3.7, 12000, 0, 0, NULL, NULL, '2017-10-07 00:00:00', '');
INSERT INTO `b_creditor_rights` VALUES (43, 'A32435235', 1, 1, 12000, 1, '1', '张三丰', '24513414142423432·', 1, 35, 8, 1, 1, '北京海淀', '6543232312321111', '1', 1, 1, '12', '金融', '中关村广场', 5, 20000, 2, '2017-10-07 00:00:00', 2, '2017-10-07 00:00:00', 2, '2017-10-07 00:00:00', 2, '2017-10-07 00:00:00', 2, '2017-10-07 00:00:00', 2, '2017-10-07 00:00:00', 1, '2017-10-07 00:00:00', 1, 12000, 12000, 100, 200, 150, 100, 3.7, 12000, 0, 0, NULL, NULL, '2017-10-07 00:00:00', '');
INSERT INTO `b_creditor_rights` VALUES (44, 'PN20170010010', 1, 1, 12000, 6, '1', '张三丰', '24513414142423432·', 1, 35, 8, 1, 1, '北京市海淀区中关村南大街', '6543232312321111', '1', 1, 1, '12', '金融', '中关村广场', 5, 20000, 2, '2017-10-07 00:00:00', 2, '2017-10-07 00:00:00', 2, '2017-10-07 00:00:00', 2, '2017-10-07 00:00:00', 2, '2017-10-07 00:00:00', 2, '2017-10-07 00:00:00', 1, '2017-10-07 00:00:00', 1, 12000, 12000, 100, 200, 150, 100, 3.7, 12000, 0, 1, NULL, NULL, '2017-10-07 00:00:00', 'group1/M00/00/01/wKjmgFoDFTeAd5OXAAab160pn-Q576.pdf');
INSERT INTO `b_creditor_rights` VALUES (45, 'PN20170010010', 1, 1, 12000, 6, '1', '张三丰', '24513414142423432·', 1, 35, 8, 1, 1, '北京市海淀区中关村南大街', '6543232312321111', '1', 1, 1, '12', '金融', '中关村广场', 5, 20000, 2, '2017-10-07 00:00:00', 2, '2017-10-07 00:00:00', 2, '2017-10-07 00:00:00', 2, '2017-10-07 00:00:00', 2, '2017-10-07 00:00:00', 2, '2017-10-07 00:00:00', 1, '2017-10-07 00:00:00', 1, 12000, 12000, 100, 200, 150, 100, 3.7, 12000, 0, 1, NULL, NULL, '2017-10-07 00:00:00', 'group1/M00/00/01/wKjmgFoDFTeAd5OXAAab160pn-Q576.pdf');
INSERT INTO `b_creditor_rights` VALUES (46, 'PN20170010010', 1, 1, 12000, 6, '1', '张三丰', '24513414142423432·', 1, 35, 8, 1, 1, '北京市海淀区中关村南大街', '6543232312321111', '1', 1, 1, '12', '金融', '中关村广场', 5, 20000, 2, '2017-10-07 00:00:00', 2, '2017-10-07 00:00:00', 2, '2017-10-07 00:00:00', 2, '2017-10-07 00:00:00', 2, '2017-10-07 00:00:00', 2, '2017-10-07 00:00:00', 1, '2017-10-07 00:00:00', 1, 12000, 12000, 100, 200, 150, 100, 3.7, 12000, 0, 1, NULL, NULL, '2017-10-07 00:00:00', 'group1/M00/00/01/wKjmgFoDFTeAd5OXAAab160pn-Q576.pdf');
INSERT INTO `b_creditor_rights` VALUES (47, 'PN20170010010', 1, 1, 12000, 6, '1', '张三丰', '24513414142423432·', 1, 35, 8, 1, 1, '北京市海淀区中关村南大街', '6543232312321111', '1', 1, 1, '12', '金融', '中关村广场', 5, 20000, 2, '2017-10-07 00:00:00', 2, '2017-10-07 00:00:00', 2, '2017-10-07 00:00:00', 2, '2017-10-07 00:00:00', 2, '2017-10-07 00:00:00', 2, '2017-10-07 00:00:00', 1, '2017-10-07 00:00:00', 1, 12000, 12000, 100, 200, 150, 100, 3.7, 12000, 0, 1, NULL, NULL, '2017-10-07 00:00:00', 'group1/M00/00/01/wKjmgFoDFTeAd5OXAAab160pn-Q576.pdf');
INSERT INTO `b_creditor_rights` VALUES (48, 'PN20170010010', 1, 1, 12000, 6, '1', '张三丰', '24513414142423432·', 1, 35, 8, 1, 1, '北京市海淀区中关村南大街', '6543232312321111', '1', 1, 1, '12', '金融', '中关村广场', 5, 20000, 2, '2017-10-07 00:00:00', 2, '2017-10-07 00:00:00', 2, '2017-10-07 00:00:00', 2, '2017-10-07 00:00:00', 2, '2017-10-07 00:00:00', 2, '2017-10-07 00:00:00', 1, '2017-10-07 00:00:00', 1, 12000, 12000, 100, 200, 150, 100, 3.7, 12000, 0, 1, NULL, NULL, '2017-10-07 00:00:00', 'group1/M00/00/01/wKjmgFoDFTeAd5OXAAab160pn-Q576.pdf');
INSERT INTO `b_creditor_rights` VALUES (49, 'PN20170010010', 1, 1, 12000, 6, '1', '张三丰', '24513414142423432·', 1, 35, 8, 1, 1, '北京市海淀区中关村南大街', '6543232312321111', '1', 1, 1, '12', '金融', '中关村广场', 5, 20000, 2, '2017-10-07 00:00:00', 2, '2017-10-07 00:00:00', 2, '2017-10-07 00:00:00', 2, '2017-10-07 00:00:00', 2, '2017-10-07 00:00:00', 2, '2017-10-07 00:00:00', 1, '2017-10-07 00:00:00', 1, 12000, 12000, 100, 200, 150, 100, 3.7, 12000, 0, 1, NULL, NULL, '2017-10-07 00:00:00', 'group1/M00/00/01/wKjmgFoDFTeAd5OXAAab160pn-Q576.pdf');
INSERT INTO `b_creditor_rights` VALUES (50, 'PN20170010010', 1, 1, 12000, 6, '1', '张三丰', '24513414142423432·', 1, 35, 8, 1, 1, '北京市海淀区中关村南大街', '6543232312321111', '1', 1, 1, '12', '金融', '中关村广场', 5, 20000, 2, '2017-10-07 00:00:00', 2, '2017-10-07 00:00:00', 2, '2017-10-07 00:00:00', 2, '2017-10-07 00:00:00', 2, '2017-10-07 00:00:00', 2, '2017-10-07 00:00:00', 1, '2017-10-07 00:00:00', 1, 12000, 12000, 100, 200, 150, 100, 3.7, 12000, 0, 1, NULL, NULL, '2017-10-07 00:00:00', 'group1/M00/00/01/wKjmgFoDFTeAd5OXAAab160pn-Q576.pdf');
INSERT INTO `b_creditor_rights` VALUES (51, 'PN20170010010', 1, 1, 12000, 6, '1', '张三丰', '24513414142423432·', 1, 35, 8, 1, 1, '北京市海淀区中关村南大街', '6543232312321111', '1', 1, 1, '12', '金融', '中关村广场', 5, 20000, 2, '2017-10-07 00:00:00', 2, '2017-10-07 00:00:00', 2, '2017-10-07 00:00:00', 2, '2017-10-07 00:00:00', 2, '2017-10-07 00:00:00', 2, '2017-10-07 00:00:00', 1, '2017-10-07 00:00:00', 1, 12000, 12000, 100, 200, 150, 100, 3.7, 12000, 0, 1, NULL, NULL, '2017-10-07 00:00:00', 'group1/M00/00/01/wKjmgFoDFTeAd5OXAAab160pn-Q576.pdf');
INSERT INTO `b_creditor_rights` VALUES (52, 'PN20170010010', 1, 1, 12000, 6, '1', '张三丰', '24513414142423432·', 1, 35, 8, 1, 1, '北京市海淀区中关村南大街', '6543232312321111', '1', 1, 1, '12', '金融', '中关村广场', 5, 20000, 2, '2017-10-07 00:00:00', 2, '2017-10-07 00:00:00', 2, '2017-10-07 00:00:00', 2, '2017-10-07 00:00:00', 2, '2017-10-07 00:00:00', 2, '2017-10-07 00:00:00', 1, '2017-10-07 00:00:00', 1, 12000, 12000, 100, 200, 150, 100, 3.7, 12000, 0, 1, NULL, NULL, '2017-10-07 00:00:00', 'group1/M00/00/01/wKjmgFoDFTeAd5OXAAab160pn-Q576.pdf');
INSERT INTO `b_creditor_rights` VALUES (53, 'PN20170010010', 1, 1, 12000, 6, '1', '张三丰', '24513414142423432·', 1, 35, 8, 1, 1, '北京市海淀区中关村南大街', '6543232312321111', '1', 1, 1, '12', '金融', '中关村广场', 5, 20000, 2, '2017-10-07 00:00:00', 2, '2017-10-07 00:00:00', 2, '2017-10-07 00:00:00', 2, '2017-10-07 00:00:00', 2, '2017-10-07 00:00:00', 2, '2017-10-07 00:00:00', 1, '2017-10-07 00:00:00', 1, 12000, 12000, 100, 200, 150, 100, 3.7, 12000, 0, 1, NULL, NULL, '2017-10-07 00:00:00', 'group1/M00/00/01/wKjmgFoDFTeAd5OXAAab160pn-Q576.pdf');
INSERT INTO `b_creditor_rights` VALUES (54, 'PN20170010010', 1, 1, 12000, 6, '1', '张三丰', '24513414142423432·', 1, 35, 8, 1, 1, '北京市海淀区中关村南大街', '6543232312321111', '1', 1, 1, '12', '金融', '中关村广场', 5, 20000, 2, '2017-10-07 00:00:00', 2, '2017-10-07 00:00:00', 2, '2017-10-07 00:00:00', 2, '2017-10-07 00:00:00', 2, '2017-10-07 00:00:00', 2, '2017-10-07 00:00:00', 1, '2017-10-07 00:00:00', 1, 12000, 12000, 100, 200, 150, 100, 3.7, 12000, 0, 1, NULL, NULL, '2017-10-07 00:00:00', 'group1/M00/00/01/wKjmgFoDFTeAd5OXAAab160pn-Q576.pdf');
INSERT INTO `b_creditor_rights` VALUES (55, 'PN20170010010', 1, 1, 12000, 6, '1', '张三丰', '24513414142423432·', 1, 35, 8, 1, 1, '北京市海淀区中关村南大街', '6543232312321111', '1', 1, 1, '12', '金融', '中关村广场', 5, 20000, 2, '2017-10-07 00:00:00', 2, '2017-10-07 00:00:00', 2, '2017-10-07 00:00:00', 2, '2017-10-07 00:00:00', 2, '2017-10-07 00:00:00', 2, '2017-10-07 00:00:00', 1, '2017-10-07 00:00:00', 1, 12000, 12000, 100, 200, 150, 100, 3.7, 12000, 0, 1, NULL, NULL, '2017-10-07 00:00:00', 'group1/M00/00/01/wKjmgFoDFTeAd5OXAAab160pn-Q576.pdf');
INSERT INTO `b_creditor_rights` VALUES (56, 'PN20170010010', 1, 1, 12000, 6, '1', '张三丰', '24513414142423432·', 1, 35, 8, 1, 1, '北京市海淀区中关村南大街', '6543232312321111', '1', 1, 1, '12', '金融', '中关村广场', 5, 20000, 2, '2017-10-07 00:00:00', 2, '2017-10-07 00:00:00', 2, '2017-10-07 00:00:00', 2, '2017-10-07 00:00:00', 2, '2017-10-07 00:00:00', 2, '2017-10-07 00:00:00', 1, '2017-10-07 00:00:00', 1, 12000, 12000, 100, 200, 150, 100, 3.7, 12000, 0, 1, NULL, NULL, '2017-10-07 00:00:00', 'group1/M00/00/01/wKjmgFoDFTeAd5OXAAab160pn-Q576.pdf');
INSERT INTO `b_creditor_rights` VALUES (57, 'PN20170010010', 1, 1, 12000, 6, '1', '张三丰', '24513414142423432·', 1, 35, 8, 1, 1, '北京市海淀区中关村南大街', '6543232312321111', '1', 1, 1, '12', '金融', '中关村广场', 5, 20000, 2, '2017-10-07 00:00:00', 2, '2017-10-07 00:00:00', 2, '2017-10-07 00:00:00', 2, '2017-10-07 00:00:00', 2, '2017-10-07 00:00:00', 2, '2017-10-07 00:00:00', 1, '2017-10-07 00:00:00', 1, 12000, 12000, 100, 200, 150, 100, 3.7, 12000, 0, 1, NULL, NULL, '2017-10-07 00:00:00', 'group1/M00/00/01/wKjmgFoDFTeAd5OXAAab160pn-Q576.pdf');
INSERT INTO `b_creditor_rights` VALUES (58, 'PN20170010010', 1, 1, 12000, 6, '1', '张三丰', '24513414142423432·', 1, 35, 8, 1, 1, '北京市海淀区中关村南大街', '6543232312321111', '1', 1, 1, '12', '金融', '中关村广场', 5, 20000, 2, '2017-10-07 00:00:00', 2, '2017-10-07 00:00:00', 2, '2017-10-07 00:00:00', 2, '2017-10-07 00:00:00', 2, '2017-10-07 00:00:00', 2, '2017-10-07 00:00:00', 1, '2017-10-07 00:00:00', 1, 12000, 12000, 100, 200, 150, 100, 3.7, 12000, 0, 1, NULL, NULL, '2017-10-07 00:00:00', 'group1/M00/00/01/wKjmgFoDFTeAd5OXAAab160pn-Q576.pdf');
INSERT INTO `b_creditor_rights` VALUES (59, 'PN20170010010', 1, 1, 12000, 6, '1', '张三丰', '24513414142423432·', 1, 35, 8, 1, 1, '北京市海淀区中关村南大街', '6543232312321111', '1', 1, 1, '12', '金融', '中关村广场', 5, 20000, 2, '2017-10-07 00:00:00', 2, '2017-10-07 00:00:00', 2, '2017-10-07 00:00:00', 2, '2017-10-07 00:00:00', 2, '2017-10-07 00:00:00', 2, '2017-10-07 00:00:00', 1, '2017-10-07 00:00:00', 1, 12000, 12000, 100, 200, 150, 100, 3.7, 12000, 0, 1, NULL, NULL, '2017-10-07 00:00:00', 'group1/M00/00/01/wKjmgFoDFTeAd5OXAAab160pn-Q576.pdf');
INSERT INTO `b_creditor_rights` VALUES (60, 'PN20170010010', 1, 1, 12000, 6, '1', '张三丰', '24513414142423432·', 1, 35, 8, 1, 1, '北京市海淀区中关村南大街', '6543232312321111', '1', 1, 1, '12', '金融', '中关村广场', 5, 20000, 2, '2017-10-07 00:00:00', 2, '2017-10-07 00:00:00', 2, '2017-10-07 00:00:00', 2, '2017-10-07 00:00:00', 2, '2017-10-07 00:00:00', 2, '2017-10-07 00:00:00', 1, '2017-10-07 00:00:00', 1, 12000, 12000, 100, 200, 150, 100, 3.7, 12000, 0, 1, NULL, NULL, '2017-10-07 00:00:00', 'group1/M00/00/01/wKjmgFoDFTeAd5OXAAab160pn-Q576.pdf');
INSERT INTO `b_creditor_rights` VALUES (61, 'PN20170010010', 1, 1, 12000, 6, '1', '张三丰', '24513414142423432·', 1, 35, 8, 1, 1, '北京市海淀区中关村南大街', '6543232312321111', '1', 1, 1, '12', '金融', '中关村广场', 5, 20000, 2, '2017-10-07 00:00:00', 2, '2017-10-07 00:00:00', 2, '2017-10-07 00:00:00', 2, '2017-10-07 00:00:00', 2, '2017-10-07 00:00:00', 2, '2017-10-07 00:00:00', 1, '2017-10-07 00:00:00', 1, 12000, 12000, 100, 200, 150, 100, 3.7, 12000, 0, 1, NULL, NULL, '2017-10-07 00:00:00', 'group1/M00/00/01/wKjmgFoDFTeAd5OXAAab160pn-Q576.pdf');
INSERT INTO `b_creditor_rights` VALUES (62, 'PN20170010010', 1, 1, 12000, 6, '1', '张三丰', '24513414142423432·', 1, 35, 8, 1, 1, '北京市海淀区中关村南大街', '6543232312321111', '1', 1, 1, '12', '金融', '中关村广场', 5, 20000, 2, '2017-10-07 00:00:00', 2, '2017-10-07 00:00:00', 2, '2017-10-07 00:00:00', 2, '2017-10-07 00:00:00', 2, '2017-10-07 00:00:00', 2, '2017-10-07 00:00:00', 1, '2017-10-07 00:00:00', 1, 12000, 12000, 100, 200, 150, 100, 3.7, 12000, 0, 1, NULL, NULL, '2017-10-07 00:00:00', 'group1/M00/00/01/wKjmgFoDFTeAd5OXAAab160pn-Q576.pdf');
INSERT INTO `b_creditor_rights` VALUES (63, 'PN20170010010', 1, 1, 12000, 6, '1', '张三丰', '24513414142423432·', 1, 35, 8, 1, 1, '北京市海淀区中关村南大街', '6543232312321111', '1', 1, 1, '12', '金融', '中关村广场', 5, 20000, 2, '2017-10-07 00:00:00', 2, '2017-10-07 00:00:00', 2, '2017-10-07 00:00:00', 2, '2017-10-07 00:00:00', 2, '2017-10-07 00:00:00', 2, '2017-10-07 00:00:00', 1, '2017-10-07 00:00:00', 1, 12000, 12000, 100, 200, 150, 100, 3.7, 12000, 0, 1, NULL, NULL, '2017-10-07 00:00:00', 'group1/M00/00/01/wKjmgFoDFTeAd5OXAAab160pn-Q576.pdf');
INSERT INTO `b_creditor_rights` VALUES (64, 'PN20170010010', 1, 1, 12000, 6, '1', '张三丰', '24513414142423432·', 1, 35, 8, 1, 1, '北京市海淀区中关村南大街', '6543232312321111', '1', 1, 1, '12', '金融', '中关村广场', 5, 20000, 2, '2017-10-07 00:00:00', 2, '2017-10-07 00:00:00', 2, '2017-10-07 00:00:00', 2, '2017-10-07 00:00:00', 2, '2017-10-07 00:00:00', 2, '2017-10-07 00:00:00', 1, '2017-10-07 00:00:00', 1, 12000, 12000, 100, 200, 150, 100, 3.7, 12000, 0, 1, NULL, NULL, '2017-10-07 00:00:00', 'group1/M00/00/01/wKjmgFoDFTeAd5OXAAab160pn-Q576.pdf');
INSERT INTO `b_creditor_rights` VALUES (65, 'PN20170010010', 1, 1, 12000, 6, '1', '张三丰', '24513414142423432·', 1, 35, 8, 1, 1, '北京市海淀区中关村南大街', '6543232312321111', '1', 1, 1, '12', '金融', '中关村广场', 5, 20000, 2, '2017-10-07 00:00:00', 2, '2017-10-07 00:00:00', 2, '2017-10-07 00:00:00', 2, '2017-10-07 00:00:00', 2, '2017-10-07 00:00:00', 2, '2017-10-07 00:00:00', 1, '2017-10-07 00:00:00', 1, 12000, 12000, 100, 200, 150, 100, 3.7, 12000, 0, 1, NULL, NULL, '2017-10-07 00:00:00', 'group1/M00/00/01/wKjmgFoDFTeAd5OXAAab160pn-Q576.pdf');
INSERT INTO `b_creditor_rights` VALUES (66, 'PN20170010010', 1, 1, 12000, 6, '1', '张三丰', '24513414142423432·', 1, 35, 8, 1, 1, '北京市海淀区中关村南大街', '6543232312321111', '1', 1, 1, '12', '金融', '中关村广场', 5, 20000, 2, '2017-10-07 00:00:00', 2, '2017-10-07 00:00:00', 2, '2017-10-07 00:00:00', 2, '2017-10-07 00:00:00', 2, '2017-10-07 00:00:00', 2, '2017-10-07 00:00:00', 1, '2017-10-07 00:00:00', 1, 12000, 12000, 100, 200, 150, 100, 3.7, 12000, 0, 1, NULL, NULL, '2017-10-07 00:00:00', 'group1/M00/00/01/wKjmgFoDFTeAd5OXAAab160pn-Q576.pdf');
INSERT INTO `b_creditor_rights` VALUES (67, 'PN20170010010', 1, 1, 12000, 6, '1', '张三丰', '24513414142423432·', 1, 35, 8, 1, 1, '北京市海淀区中关村南大街', '6543232312321111', '1', 1, 1, '12', '金融', '中关村广场', 5, 20000, 2, '2017-10-07 00:00:00', 2, '2017-10-07 00:00:00', 2, '2017-10-07 00:00:00', 2, '2017-10-07 00:00:00', 2, '2017-10-07 00:00:00', 2, '2017-10-07 00:00:00', 1, '2017-10-07 00:00:00', 1, 12000, 12000, 100, 200, 150, 100, 3.7, 12000, 0, 1, NULL, NULL, '2017-10-07 00:00:00', 'group1/M00/00/01/wKjmgFoDFTeAd5OXAAab160pn-Q576.pdf');
INSERT INTO `b_creditor_rights` VALUES (68, 'PN20170010010', 1, 1, 12000, 6, '1', '张三丰', '24513414142423432·', 1, 35, 8, 1, 1, '北京市海淀区中关村南大街', '6543232312321111', '1', 1, 1, '12', '金融', '中关村广场', 5, 20000, 2, '2017-10-07 00:00:00', 2, '2017-10-07 00:00:00', 2, '2017-10-07 00:00:00', 2, '2017-10-07 00:00:00', 2, '2017-10-07 00:00:00', 2, '2017-10-07 00:00:00', 1, '2017-10-07 00:00:00', 1, 12000, 12000, 100, 200, 150, 100, 3.7, 12000, 0, 1, NULL, NULL, '2017-10-07 00:00:00', 'group1/M00/00/01/wKjmgFoDFTeAd5OXAAab160pn-Q576.pdf');
INSERT INTO `b_creditor_rights` VALUES (69, 'PN20170010010', 1, 1, 12000, 6, '1', '张三丰', '24513414142423432·', 1, 35, 8, 1, 1, '北京市海淀区中关村南大街', '6543232312321111', '1', 1, 1, '12', '金融', '中关村广场', 5, 20000, 2, '2017-10-07 00:00:00', 2, '2017-10-07 00:00:00', 2, '2017-10-07 00:00:00', 2, '2017-10-07 00:00:00', 2, '2017-10-07 00:00:00', 2, '2017-10-07 00:00:00', 1, '2017-10-07 00:00:00', 1, 12000, 12000, 100, 200, 150, 100, 3.7, 12000, 0, 1, NULL, NULL, '2017-10-07 00:00:00', 'group1/M00/00/01/wKjmgFoDFTeAd5OXAAab160pn-Q576.pdf');
INSERT INTO `b_creditor_rights` VALUES (70, 'PN20170010010', 1, 1, 12000, 6, '1', '张三丰', '24513414142423432·', 1, 35, 8, 1, 1, '北京市海淀区中关村南大街', '6543232312321111', '1', 1, 1, '12', '金融', '中关村广场', 5, 20000, 2, '2017-10-07 00:00:00', 2, '2017-10-07 00:00:00', 2, '2017-10-07 00:00:00', 2, '2017-10-07 00:00:00', 2, '2017-10-07 00:00:00', 2, '2017-10-07 00:00:00', 1, '2017-10-07 00:00:00', 1, 12000, 12000, 100, 200, 150, 100, 3.7, 12000, 0, 1, NULL, NULL, '2017-10-07 00:00:00', 'group1/M00/00/01/wKjmgFoDFTeAd5OXAAab160pn-Q576.pdf');
INSERT INTO `b_creditor_rights` VALUES (71, 'PN20170010010', 1, 1, 12000, 6, '1', '张三丰', '24513414142423432·', 1, 35, 8, 1, 1, '北京市海淀区中关村南大街', '6543232312321111', '1', 1, 1, '12', '金融', '中关村广场', 5, 20000, 2, '2017-10-07 00:00:00', 2, '2017-10-07 00:00:00', 2, '2017-10-07 00:00:00', 2, '2017-10-07 00:00:00', 2, '2017-10-07 00:00:00', 2, '2017-10-07 00:00:00', 1, '2017-10-07 00:00:00', 1, 12000, 12000, 100, 200, 150, 100, 3.7, 12000, 0, 1, NULL, NULL, '2017-10-07 00:00:00', 'group1/M00/00/01/wKjmgFoDFTeAd5OXAAab160pn-Q576.pdf');
INSERT INTO `b_creditor_rights` VALUES (72, 'PN20170010010', 1, 1, 12000, 6, '1', '张三丰', '24513414142423432·', 1, 35, 8, 1, 1, '北京市海淀区中关村南大街', '6543232312321111', '1', 1, 1, '12', '金融', '中关村广场', 5, 20000, 2, '2017-10-07 00:00:00', 2, '2017-10-07 00:00:00', 2, '2017-10-07 00:00:00', 2, '2017-10-07 00:00:00', 2, '2017-10-07 00:00:00', 2, '2017-10-07 00:00:00', 1, '2017-10-07 00:00:00', 1, 12000, 12000, 100, 200, 150, 100, 3.7, 12000, 0, 1, NULL, NULL, '2017-10-07 00:00:00', 'group1/M00/00/01/wKjmgFoDFTeAd5OXAAab160pn-Q576.pdf');
INSERT INTO `b_creditor_rights` VALUES (73, 'PN20170010010', 1, 1, 12000, 6, '1', '张三丰', '24513414142423432·', 1, 35, 8, 1, 1, '北京市海淀区中关村南大街', '6543232312321111', '1', 1, 1, '12', '金融', '中关村广场', 5, 20000, 2, '2017-10-07 00:00:00', 2, '2017-10-07 00:00:00', 2, '2017-10-07 00:00:00', 2, '2017-10-07 00:00:00', 2, '2017-10-07 00:00:00', 2, '2017-10-07 00:00:00', 1, '2017-10-07 00:00:00', 1, 12000, 12000, 100, 200, 150, 100, 3.7, 12000, 0, 1, NULL, NULL, '2017-10-07 00:00:00', 'group1/M00/00/01/wKjmgFoDFTeAd5OXAAab160pn-Q576.pdf');
INSERT INTO `b_creditor_rights` VALUES (74, 'PN20170010010', 1, 1, 12000, 6, '1', '张三丰', '24513414142423432·', 1, 35, 8, 1, 1, '北京市海淀区中关村南大街', '6543232312321111', '1', 1, 1, '12', '金融', '中关村广场', 5, 20000, 2, '2017-10-07 00:00:00', 2, '2017-10-07 00:00:00', 2, '2017-10-07 00:00:00', 2, '2017-10-07 00:00:00', 2, '2017-10-07 00:00:00', 2, '2017-10-07 00:00:00', 1, '2017-10-07 00:00:00', 1, 12000, 12000, 100, 200, 150, 100, 3.7, 12000, 0, 1, NULL, NULL, '2017-10-07 00:00:00', 'group1/M00/00/01/wKjmgFoDFTeAd5OXAAab160pn-Q576.pdf');
INSERT INTO `b_creditor_rights` VALUES (75, 'PN20170010010', 1, 1, 12000, 6, '1', '张三丰', '24513414142423432·', 1, 35, 8, 1, 1, '北京市海淀区中关村南大街', '6543232312321111', '1', 1, 1, '12', '金融', '中关村广场', 5, 20000, 2, '2017-10-07 00:00:00', 2, '2017-10-07 00:00:00', 2, '2017-10-07 00:00:00', 2, '2017-10-07 00:00:00', 2, '2017-10-07 00:00:00', 2, '2017-10-07 00:00:00', 1, '2017-10-07 00:00:00', 1, 12000, 12000, 100, 200, 150, 100, 3.7, 12000, 0, 1, NULL, NULL, '2017-10-07 00:00:00', 'group1/M00/00/01/wKjmgFoDFTeAd5OXAAab160pn-Q576.pdf');
INSERT INTO `b_creditor_rights` VALUES (76, 'PN20170010010', 1, 1, 12000, 6, '1', '张三丰', '24513414142423432·', 1, 35, 8, 1, 1, '北京市海淀区中关村南大街', '6543232312321111', '1', 1, 1, '12', '金融', '中关村广场', 5, 20000, 2, '2017-10-07 00:00:00', 2, '2017-10-07 00:00:00', 2, '2017-10-07 00:00:00', 2, '2017-10-07 00:00:00', 2, '2017-10-07 00:00:00', 2, '2017-10-07 00:00:00', 1, '2017-10-07 00:00:00', 1, 12000, 12000, 100, 200, 150, 100, 3.7, 12000, 0, 1, NULL, NULL, '2017-10-07 00:00:00', 'group1/M00/00/01/wKjmgFoDFTeAd5OXAAab160pn-Q576.pdf');
INSERT INTO `b_creditor_rights` VALUES (77, 'A32435235', 1, 1, 12000, 1, '1', '张三丰', '24513414142423432·', 1, 35, 8, 1, 1, '北京海淀', '6543232312321111', '1', 1, 1, '12', '金融', '中关村广场', 5, 20000, 2, '2017-10-07 00:00:00', 2, '2017-10-07 00:00:00', 2, '2017-10-07 00:00:00', 2, '2017-10-07 00:00:00', 2, '2017-10-07 00:00:00', 2, '2017-10-07 00:00:00', 1, '2017-10-07 00:00:00', 1, 12000, 12000, 100, 200, 150, 100, 3.7, 12000, 0, 0, NULL, NULL, '2017-10-07 00:00:00', '');
INSERT INTO `b_creditor_rights` VALUES (78, 'A32435235', 1, 1, 12000, 1, '1', '张三丰', '24513414142423432·', 1, 35, 8, 1, 1, '北京海淀', '6543232312321111', '1', 1, 1, '12', '金融', '中关村广场', 5, 20000, 2, '2017-10-07 00:00:00', 2, '2017-10-07 00:00:00', 2, '2017-10-07 00:00:00', 2, '2017-10-07 00:00:00', 2, '2017-10-07 00:00:00', 2, '2017-10-07 00:00:00', 1, '2017-10-07 00:00:00', 1, 12000, 12000, 100, 200, 150, 100, 3.7, 12000, 0, 0, NULL, NULL, '2017-10-07 00:00:00', '');
INSERT INTO `b_creditor_rights` VALUES (79, 'PN20170010010', 1, 1, 12000, 6, '1', '张三丰', '24513414142423432·', 1, 35, 8, 1, 1, '北京市海淀区中关村南大街', '6543232312321111', '1', 1, 1, '12', '金融', '中关村广场', 5, 20000, 2, '2017-10-07 00:00:00', 2, '2017-10-07 00:00:00', 2, '2017-10-07 00:00:00', 2, '2017-11-16 00:00:00', 2, '2017-10-07 00:00:00', 2, '2017-10-07 00:00:00', 1, '2017-10-07 00:00:00', 1, 12000, 12000, 100, 200, 150, 100, 3.7, 12000, 0, 1, NULL, NULL, '2017-10-07 00:00:00', 'group1/M00/00/01/wKjmgFoDFTeAd5OXAAab160pn-Q576.pdf');
INSERT INTO `b_creditor_rights` VALUES (80, 'PN20170010010', 1, 1, 12000, 6, '1', '张三丰', '24513414142423432·', 1, 35, 8, 1, 1, '北京市海淀区中关村南大街', '6543232312321111', '1', 1, 1, '12', '金融', '中关村广场', 5, 20000, 2, '2017-10-07 00:00:00', 2, '2017-10-07 00:00:00', 2, '2017-10-07 00:00:00', 2, '2017-11-16 00:00:00', 2, '2017-10-07 00:00:00', 2, '2017-10-07 00:00:00', 1, '2017-10-07 00:00:00', 1, 12000, 12000, 100, 200, 150, 100, 3.7, 12000, 0, 1, NULL, NULL, '2017-10-07 00:00:00', 'group1/M00/00/01/wKjmgFoDFTeAd5OXAAab160pn-Q576.pdf');
INSERT INTO `b_creditor_rights` VALUES (81, 'PN20170010010', 1, 1, 12000, 6, '1', '张三丰', '24513414142423432·', 1, 35, 8, 1, 1, '北京市海淀区中关村南大街', '6543232312321111', '1', 1, 1, '12', '金融', '中关村广场', 5, 20000, 2, '2017-10-07 00:00:00', 2, '2017-10-07 00:00:00', 2, '2017-10-07 00:00:00', 2, '2017-11-16 00:00:00', 2, '2017-10-07 00:00:00', 2, '2017-10-07 00:00:00', 1, '2017-10-07 00:00:00', 1, 12000, 12000, 100, 200, 150, 100, 3.7, 12000, 0, 1, NULL, NULL, '2017-10-07 00:00:00', 'group1/M00/00/01/wKjmgFoDFTeAd5OXAAab160pn-Q576.pdf');
INSERT INTO `b_creditor_rights` VALUES (82, 'PN20170010010', 1, 1, 12000, 6, '1', '张三丰', '24513414142423432·', 1, 35, 8, 1, 1, '北京市海淀区中关村南大街', '6543232312321111', '1', 1, 1, '12', '金融', '中关村广场', 5, 20000, 2, '2017-10-07 00:00:00', 2, '2017-10-07 00:00:00', 2, '2017-10-07 00:00:00', 2, '2017-11-16 00:00:00', 2, '2017-10-07 00:00:00', 2, '2017-10-07 00:00:00', 1, '2017-10-07 00:00:00', 1, 12000, 12000, 100, 200, 150, 100, 3.7, 12000, 0, 1, NULL, NULL, '2017-10-07 00:00:00', 'group1/M00/00/01/wKjmgFoDFTeAd5OXAAab160pn-Q576.pdf');
INSERT INTO `b_creditor_rights` VALUES (83, 'PN20170010010', 1, 1, 12000, 6, '1', '张三丰', '24513414142423432·', 1, 35, 8, 1, 1, '北京市海淀区中关村南大街', '6543232312321111', '1', 1, 1, '12', '金融', '中关村广场', 5, 20000, 2, '2017-10-07 00:00:00', 2, '2017-10-07 00:00:00', 2, '2017-10-07 00:00:00', 2, '2017-11-16 00:00:00', 2, '2017-10-07 00:00:00', 2, '2017-10-07 00:00:00', 1, '2017-10-07 00:00:00', 1, 12000, 12000, 100, 200, 150, 100, 3.7, 12000, 0, 1, NULL, NULL, '2017-10-07 00:00:00', 'group1/M00/00/01/wKjmgFoDFTeAd5OXAAab160pn-Q576.pdf');
INSERT INTO `b_creditor_rights` VALUES (84, 'PN20170010010', 1, 1, 12000, 6, '1', '张三丰', '24513414142423432·', 1, 35, 8, 1, 1, '北京市海淀区中关村南大街', '6543232312321111', '1', 1, 1, '12', '金融', '中关村广场', 5, 20000, 2, '2017-10-07 00:00:00', 2, '2017-10-07 00:00:00', 2, '2017-10-07 00:00:00', 2, '2017-11-16 00:00:00', 2, '2017-10-07 00:00:00', 2, '2017-10-07 00:00:00', 1, '2017-10-07 00:00:00', 1, 12000, 12000, 100, 200, 150, 100, 3.7, 12000, 0, 1, NULL, NULL, '2017-10-07 00:00:00', 'group1/M00/00/01/wKjmgFoDFTeAd5OXAAab160pn-Q576.pdf');
INSERT INTO `b_creditor_rights` VALUES (85, 'PN20170010010', 1, 1, 12000, 6, '1', '张三丰', '24513414142423432·', 1, 35, 8, 1, 1, '北京市海淀区中关村南大街', '6543232312321111', '1', 1, 1, '12', '金融', '中关村广场', 5, 20000, 2, '2017-10-07 00:00:00', 2, '2017-10-07 00:00:00', 2, '2017-10-07 00:00:00', 2, '2017-11-16 00:00:00', 2, '2017-10-07 00:00:00', 2, '2017-10-07 00:00:00', 1, '2017-10-07 00:00:00', 1, 12000, 12000, 100, 200, 150, 100, 3.7, 12000, 0, 1, NULL, NULL, '2017-10-07 00:00:00', 'group1/M00/00/01/wKjmgFoDFTeAd5OXAAab160pn-Q576.pdf');
INSERT INTO `b_creditor_rights` VALUES (86, 'A32435235', 1, 1, 12000, 1, '1', '张三丰', '24513414142423432·', 1, 35, 8, 1, 1, '北京海淀', '6543232312321111', '1', 1, 1, '12', '金融', '中关村广场', 5, 20000, 2, '2017-10-07 00:00:00', 2, '2017-10-07 00:00:00', 2, '2017-10-07 00:00:00', 2, '2017-10-07 00:00:00', 2, '2017-10-07 00:00:00', 2, '2017-10-07 00:00:00', 1, '2017-10-07 00:00:00', 1, 12000, 12000, 100, 200, 150, 100, 3.7, 12000, 0, 0, NULL, NULL, '2017-10-07 00:00:00', '');
INSERT INTO `b_creditor_rights` VALUES (87, 'PN20170010010', 1, 1, 12000, 6, '1', '张三丰', '24513414142423432·', 1, 35, 8, 1, 1, '北京市海淀区中关村南大街', '6543232312321111', '1', 1, 1, '12', '金融', '中关村广场', 5, 20000, 2, '2017-10-07 00:00:00', 2, '2017-10-07 00:00:00', 2, '2017-10-07 00:00:00', 2, '2017-11-16 00:00:00', 2, '2017-10-07 00:00:00', 2, '2017-10-07 00:00:00', 1, '2017-10-07 00:00:00', 1, 12000, 12000, 100, 200, 150, 100, 3.7, 12000, 0, 1, NULL, NULL, '2017-10-07 00:00:00', 'group1/M00/00/01/wKjmgFoDFTeAd5OXAAab160pn-Q576.pdf');
INSERT INTO `b_creditor_rights` VALUES (88, 'PN20170010010', 1, 1, 12000, 6, '1', '张三丰', '24513414142423432·', 1, 35, 8, 1, 1, '北京市海淀区中关村南大街', '6543232312321111', '1', 1, 1, '12', '金融', '中关村广场', 5, 20000, 2, '2017-10-07 00:00:00', 2, '2017-10-07 00:00:00', 2, '2017-10-07 00:00:00', 2, '2017-11-16 00:00:00', 2, '2017-10-07 00:00:00', 2, '2017-10-07 00:00:00', 1, '2017-10-07 00:00:00', 1, 12000, 12000, 100, 200, 150, 100, 3.7, 12000, 0, 1, NULL, NULL, '2017-10-07 00:00:00', 'group1/M00/00/01/wKjmgFoDFTeAd5OXAAab160pn-Q576.pdf');
INSERT INTO `b_creditor_rights` VALUES (89, 'PN20170010010', 1, 1, 12000, 6, '1', '张三丰', '24513414142423432·', 1, 35, 8, 1, 1, '北京市海淀区中关村南大街', '6543232312321111', '1', 1, 1, '12', '金融', '中关村广场', 5, 20000, 2, '2017-10-07 00:00:00', 2, '2017-10-07 00:00:00', 2, '2017-10-07 00:00:00', 2, '2017-10-07 00:00:00', 2, '2017-10-07 00:00:00', 2, '2017-10-07 00:00:00', 1, '2017-10-07 00:00:00', 1, 12000, 12000, 100, 200, 150, 100, 3.7, 12000, 0, 1, NULL, NULL, '2017-10-07 00:00:00', 'group1/M00/00/01/wKjmgFoDFTeAd5OXAAab160pn-Q576.pdf');
INSERT INTO `b_creditor_rights` VALUES (90, 'PN20170010010', 1, 1, 12000, 6, '1', '张三丰', '24513414142423432·', 1, 35, 8, 1, 1, '北京市海淀区中关村南大街', '6543232312321111', '1', 1, 1, '12', '金融', '中关村广场', 5, 20000, 2, '2017-10-07 00:00:00', 2, '2017-10-07 00:00:00', 2, '2017-10-07 00:00:00', 2, '2017-10-07 00:00:00', 2, '2017-10-07 00:00:00', 2, '2017-10-07 00:00:00', 1, '2017-10-07 00:00:00', 1, 12000, 12000, 100, 200, 150, 100, 3.7, 12000, 0, 1, NULL, NULL, '2017-10-07 00:00:00', 'group1/M00/00/01/wKjmgFoDFTeAd5OXAAab160pn-Q576.pdf');
INSERT INTO `b_creditor_rights` VALUES (91, 'PN20170010010', 1, 1, 12000, 6, '1', '张三丰', '24513414142423432·', 1, 35, 8, 1, 1, '北京市海淀区中关村南大街', '6543232312321111', '1', 1, 1, '12', '金融', '中关村广场', 5, 20000, 2, '2017-10-07 00:00:00', 2, '2017-10-07 00:00:00', 2, '2017-10-07 00:00:00', 2, '2017-10-07 00:00:00', 2, '2017-10-07 00:00:00', 2, '2017-10-07 00:00:00', 1, '2017-10-07 00:00:00', 1, 12000, 12000, 100, 200, 150, 100, 3.7, 12000, 0, 1, NULL, NULL, '2017-10-07 00:00:00', 'group1/M00/00/01/wKjmgFoDFTeAd5OXAAab160pn-Q576.pdf');
INSERT INTO `b_creditor_rights` VALUES (92, 'PN20170010010', 1, 1, 12000, 6, '1', '张三丰', '24513414142423432·', 1, 35, 8, 1, 1, '北京市海淀区中关村南大街', '6543232312321111', '1', 1, 1, '12', '金融', '中关村广场', 5, 20000, 2, '2017-10-07 00:00:00', 2, '2017-10-07 00:00:00', 2, '2017-10-07 00:00:00', 2, '2017-11-16 00:00:00', 2, '2017-10-07 00:00:00', 2, '2017-10-07 00:00:00', 1, '2017-10-07 00:00:00', 1, 12000, 12000, 100, 200, 150, 100, 3.7, 12000, 0, 1, NULL, NULL, '2017-10-07 00:00:00', 'group1/M00/00/01/wKjmgFoDFTeAd5OXAAab160pn-Q576.pdf');
INSERT INTO `b_creditor_rights` VALUES (93, 'PN20170010010', 1, 1, 12000, 6, '1', '张三丰', '24513414142423432·', 1, 35, 8, 1, 1, '北京市海淀区中关村南大街', '6543232312321111', '1', 1, 1, '12', '金融', '中关村广场', 5, 20000, 2, '2017-10-07 00:00:00', 2, '2017-10-07 00:00:00', 2, '2017-10-07 00:00:00', 2, '2017-10-07 00:00:00', 2, '2017-10-07 00:00:00', 2, '2017-10-07 00:00:00', 1, '2017-10-07 00:00:00', 1, 12000, 12000, 100, 200, 150, 100, 3.7, 12000, 0, 1, NULL, NULL, '2017-10-07 00:00:00', 'group1/M00/00/01/wKjmgFoDFTeAd5OXAAab160pn-Q576.pdf');
INSERT INTO `b_creditor_rights` VALUES (94, 'A32435235', 1, 1, 12000, 1, '1', '张三丰', '24513414142423432·', 1, 35, 8, 1, 1, '北京海淀', '6543232312321111', '1', 1, 1, '12', '金融', '中关村广场', 5, 20000, 2, '2017-10-07 00:00:00', 2, '2017-10-07 00:00:00', 2, '2017-10-07 00:00:00', 2, '2017-10-07 00:00:00', 2, '2017-10-07 00:00:00', 2, '2017-10-07 00:00:00', 1, '2017-10-07 00:00:00', 1, 12000, 12000, 100, 200, 150, 100, 3.7, 12000, 0, 0, NULL, NULL, '2017-10-07 00:00:00', '');
INSERT INTO `b_creditor_rights` VALUES (95, 'PN20170010010', 1, 1, 12000, 6, '1', '张三丰', '24513414142423432·', 1, 35, 8, 1, 1, '北京市海淀区中关村南大街', '6543232312321111', '1', 1, 1, '12', '金融', '中关村广场', 5, 20000, 2, '2017-10-07 00:00:00', 2, '2017-10-07 00:00:00', 2, '2017-10-07 00:00:00', 2, '2017-10-07 00:00:00', 2, '2017-10-07 00:00:00', 2, '2017-10-07 00:00:00', 1, '2017-10-07 00:00:00', 1, 12000, 12000, 100, 200, 150, 100, 3.7, 12000, 0, 1, NULL, NULL, '2017-10-07 00:00:00', 'group1/M00/00/01/wKjmgFoDFTeAd5OXAAab160pn-Q576.pdf');
INSERT INTO `b_creditor_rights` VALUES (96, 'PN20170010010', 1, 1, 12000, 6, '1', '张三丰', '24513414142423432·', 1, 35, 8, 1, 1, '北京市海淀区中关村南大街', '6543232312321111', '1', 1, 1, '12', '金融', '中关村广场', 5, 20000, 2, '2017-10-07 00:00:00', 2, '2017-10-07 00:00:00', 2, '2017-10-07 00:00:00', 2, '2017-11-16 00:00:00', 2, '2017-10-07 00:00:00', 2, '2017-10-07 00:00:00', 1, '2017-10-07 00:00:00', 1, 12000, 12000, 100, 200, 150, 100, 3.7, 12000, 0, 1, NULL, NULL, '2017-10-07 00:00:00', 'group1/M00/00/01/wKjmgFoDFTeAd5OXAAab160pn-Q576.pdf');
INSERT INTO `b_creditor_rights` VALUES (97, 'PN20170010010', 1, 1, 12000, 6, '1', '张三丰', '24513414142423432·', 1, 35, 8, 1, 1, '北京市海淀区中关村南大街', '6543232312321111', '1', 1, 1, '12', '金融', '中关村广场', 5, 20000, 2, '2017-10-07 00:00:00', 2, '2017-10-07 00:00:00', 2, '2017-10-07 00:00:00', 2, '2017-11-16 00:00:00', 2, '2017-10-07 00:00:00', 2, '2017-10-07 00:00:00', 1, '2017-10-07 00:00:00', 1, 12000, 12000, 100, 200, 150, 100, 3.7, 12000, 0, 1, NULL, NULL, '2017-10-07 00:00:00', 'group1/M00/00/01/wKjmgFoDFTeAd5OXAAab160pn-Q576.pdf');
INSERT INTO `b_creditor_rights` VALUES (98, 'PN20170010010', 1, 1, 12000, 6, '1', '张三丰', '24513414142423432·', 1, 35, 8, 1, 1, '北京市海淀区中关村南大街', '6543232312321111', '1', 1, 1, '12', '金融', '中关村广场', 5, 20000, 2, '2017-10-07 00:00:00', 2, '2017-10-07 00:00:00', 2, '2017-10-07 00:00:00', 2, '2017-11-16 00:00:00', 2, '2017-10-07 00:00:00', 2, '2017-10-07 00:00:00', 1, '2017-10-07 00:00:00', 1, 12000, 12000, 100, 200, 150, 100, 3.7, 12000, 0, 1, NULL, NULL, '2017-10-07 00:00:00', 'group1/M00/00/01/wKjmgFoDFTeAd5OXAAab160pn-Q576.pdf');
INSERT INTO `b_creditor_rights` VALUES (99, 'PN20170010010', 1, 1, 12000, 6, '1', '张三丰', '24513414142423432·', 1, 35, 8, 1, 1, '北京市海淀区中关村南大街', '6543232312321111', '1', 1, 1, '12', '金融', '中关村广场', 5, 20000, 2, '2017-10-07 00:00:00', 2, '2017-10-07 00:00:00', 2, '2017-10-07 00:00:00', 2, '2017-11-16 00:00:00', 2, '2017-10-07 00:00:00', 2, '2017-10-07 00:00:00', 1, '2017-10-07 00:00:00', 1, 12000, 12000, 100, 200, 150, 100, 3.7, 12000, 0, 1, NULL, NULL, '2017-10-07 00:00:00', 'group1/M00/00/01/wKjmgFoDFTeAd5OXAAab160pn-Q576.pdf');
INSERT INTO `b_creditor_rights` VALUES (100, 'PN20170010010', 1, 1, 12000, 6, '1', '张三丰', '24513414142423432·', 1, 35, 8, 1, 1, '北京市海淀区中关村南大街', '6543232312321111', '1', 1, 1, '12', '金融', '中关村广场', 5, 20000, 2, '2017-10-07 00:00:00', 2, '2017-10-07 00:00:00', 2, '2017-10-07 00:00:00', 2, '2017-11-16 00:00:00', 2, '2017-10-07 00:00:00', 2, '2017-10-07 00:00:00', 1, '2017-10-07 00:00:00', 1, 12000, 12000, 100, 200, 150, 100, 3.7, 12000, 0, 1, NULL, NULL, '2017-10-07 00:00:00', 'group1/M00/00/01/wKjmgFoDFTeAd5OXAAab160pn-Q576.pdf');
INSERT INTO `b_creditor_rights` VALUES (101, 'PN20170010010', 1, 1, 12000, 6, '1', '张三丰', '24513414142423432·', 1, 35, 8, 1, 1, '北京市海淀区中关村南大街', '6543232312321111', '1', 1, 1, '12', '金融', '中关村广场', 5, 20000, 2, '2017-10-07 00:00:00', 2, '2017-10-07 00:00:00', 2, '2017-10-07 00:00:00', 2, '2017-11-16 00:00:00', 2, '2017-10-07 00:00:00', 2, '2017-10-07 00:00:00', 1, '2017-10-07 00:00:00', 1, 12000, 12000, 100, 200, 150, 100, 3.7, 12000, 0, 1, NULL, NULL, '2017-10-07 00:00:00', 'group1/M00/00/01/wKjmgFoDFTeAd5OXAAab160pn-Q576.pdf');
INSERT INTO `b_creditor_rights` VALUES (102, 'PN20170010010', 1, 1, 12000, 6, '1', '张三丰', '24513414142423432·', 1, 35, 8, 1, 1, '北京市海淀区中关村南大街', '6543232312321111', '1', 1, 1, '12', '金融', '中关村广场', 5, 20000, 2, '2017-10-07 00:00:00', 2, '2017-10-07 00:00:00', 2, '2017-10-07 00:00:00', 2, '2017-11-16 00:00:00', 2, '2017-10-07 00:00:00', 2, '2017-10-07 00:00:00', 1, '2017-10-07 00:00:00', 1, 12000, 12000, 100, 200, 150, 100, 3.7, 12000, 0, 1, NULL, NULL, '2017-10-07 00:00:00', 'group1/M00/00/01/wKjmgFoDFTeAd5OXAAab160pn-Q576.pdf');
INSERT INTO `b_creditor_rights` VALUES (103, 'PN20170010010', 1, 1, 12000, 6, '1', '张三丰', '24513414142423432·', 1, 35, 8, 1, 1, '北京市海淀区中关村南大街', '6543232312321111', '1', 1, 1, '12', '金融', '中关村广场', 5, 20000, 2, '2017-10-07 00:00:00', 2, '2017-10-07 00:00:00', 2, '2017-10-07 00:00:00', 2, '2017-11-16 00:00:00', 2, '2017-10-07 00:00:00', 2, '2017-10-07 00:00:00', 1, '2017-10-07 00:00:00', 1, 12000, 12000, 100, 200, 150, 100, 3.7, 12000, 0, 1, NULL, NULL, '2017-10-07 00:00:00', 'group1/M00/00/01/wKjmgFoDFTeAd5OXAAab160pn-Q576.pdf');
INSERT INTO `b_creditor_rights` VALUES (104, 'PN20170010010', 1, 1, 12000, 6, '1', '张三丰', '24513414142423432·', 1, 35, 8, 1, 1, '北京市海淀区中关村南大街', '6543232312321111', '1', 1, 1, '12', '金融', '中关村广场', 5, 20000, 2, '2017-10-07 00:00:00', 2, '2017-10-07 00:00:00', 2, '2017-10-07 00:00:00', 2, '2017-11-16 00:00:00', 2, '2017-10-07 00:00:00', 2, '2017-10-07 00:00:00', 1, '2017-10-07 00:00:00', 1, 12000, 12000, 100, 200, 150, 100, 3.7, 12000, 0, 1, NULL, NULL, '2017-10-07 00:00:00', 'group1/M00/00/01/wKjmgFoDFTeAd5OXAAab160pn-Q576.pdf');
INSERT INTO `b_creditor_rights` VALUES (105, 'PN20170010010', 1, 1, 12000, 6, '1', '张三丰', '24513414142423432·', 1, 35, 8, 1, 1, '北京市海淀区中关村南大街', '6543232312321111', '1', 1, 1, '12', '金融', '中关村广场', 5, 20000, 2, '2017-10-07 00:00:00', 2, '2017-10-07 00:00:00', 2, '2017-10-07 00:00:00', 2, '2017-11-16 00:00:00', 2, '2017-10-07 00:00:00', 2, '2017-10-07 00:00:00', 1, '2017-10-07 00:00:00', 1, 12000, 12000, 100, 200, 150, 100, 3.7, 12000, 0, 1, NULL, NULL, '2017-10-07 00:00:00', 'group1/M00/00/01/wKjmgFoDFTeAd5OXAAab160pn-Q576.pdf');
INSERT INTO `b_creditor_rights` VALUES (106, 'PN20170010010', 1, 1, 12000, 6, '1', '张三丰', '24513414142423432·', 1, 35, 8, 1, 1, '北京市海淀区中关村南大街', '6543232312321111', '1', 1, 1, '12', '金融', '中关村广场', 5, 20000, 2, '2017-10-07 00:00:00', 2, '2017-10-07 00:00:00', 2, '2017-10-07 00:00:00', 2, '2017-11-16 00:00:00', 2, '2017-10-07 00:00:00', 2, '2017-10-07 00:00:00', 1, '2017-10-07 00:00:00', 1, 12000, 12000, 100, 200, 150, 100, 3.7, 12000, 0, 1, NULL, NULL, '2017-10-07 00:00:00', 'group1/M00/00/01/wKjmgFoDFTeAd5OXAAab160pn-Q576.pdf');
INSERT INTO `b_creditor_rights` VALUES (107, 'PN20170010010', 1, 1, 12000, 6, '1', '张三丰', '24513414142423432·', 1, 35, 8, 1, 1, '北京市海淀区中关村南大街', '6543232312321111', '1', 1, 1, '12', '金融', '中关村广场', 5, 20000, 2, '2017-10-07 00:00:00', 2, '2017-10-07 00:00:00', 2, '2017-10-07 00:00:00', 2, '2017-11-16 00:00:00', 2, '2017-10-07 00:00:00', 2, '2017-10-07 00:00:00', 1, '2017-10-07 00:00:00', 1, 12000, 12000, 100, 200, 150, 100, 3.7, 12000, 0, 1, NULL, NULL, '2017-10-07 00:00:00', 'group1/M00/00/01/wKjmgFoDFTeAd5OXAAab160pn-Q576.pdf');
INSERT INTO `b_creditor_rights` VALUES (108, 'PN20170010010', 1, 1, 12000, 6, '1', '张三丰', '24513414142423432·', 1, 35, 8, 1, 1, '北京市海淀区中关村南大街', '6543232312321111', '1', 1, 1, '12', '金融', '中关村广场', 5, 20000, 2, '2017-10-07 00:00:00', 2, '2017-10-07 00:00:00', 2, '2017-10-07 00:00:00', 2, '2017-11-16 00:00:00', 2, '2017-10-07 00:00:00', 2, '2017-10-07 00:00:00', 1, '2017-10-07 00:00:00', 1, 12000, 12000, 100, 200, 150, 100, 3.7, 12000, 0, 1, NULL, NULL, '2017-10-07 00:00:00', 'group1/M00/00/01/wKjmgFoDFTeAd5OXAAab160pn-Q576.pdf');
INSERT INTO `b_creditor_rights` VALUES (109, 'PN20170010010', 1, 1, 12000, 6, '1', '张三丰', '24513414142423432·', 1, 35, 8, 1, 1, '北京市海淀区中关村南大街', '6543232312321111', '1', 1, 1, '12', '金融', '中关村广场', 5, 20000, 2, '2017-10-07 00:00:00', 2, '2017-10-07 00:00:00', 2, '2017-10-07 00:00:00', 2, '2017-11-16 00:00:00', 2, '2017-10-07 00:00:00', 2, '2017-10-07 00:00:00', 1, '2017-10-07 00:00:00', 1, 12000, 12000, 100, 200, 150, 100, 3.7, 12000, 0, 1, NULL, NULL, '2017-10-07 00:00:00', 'group1/M00/00/01/wKjmgFoDFTeAd5OXAAab160pn-Q576.pdf');
INSERT INTO `b_creditor_rights` VALUES (110, 'PN20170010010', 1, 1, 12000, 6, '1', '张三丰', '24513414142423432·', 1, 35, 8, 1, 1, '北京市海淀区中关村南大街', '6543232312321111', '1', 1, 1, '12', '金融', '中关村广场', 5, 20000, 2, '2017-10-07 00:00:00', 2, '2017-10-07 00:00:00', 2, '2017-10-07 00:00:00', 2, '2017-11-16 00:00:00', 2, '2017-10-07 00:00:00', 2, '2017-10-07 00:00:00', 1, '2017-10-07 00:00:00', 1, 12000, 12000, 100, 200, 150, 100, 3.7, 12000, 0, 1, NULL, NULL, '2017-10-07 00:00:00', 'group1/M00/00/01/wKjmgFoDFTeAd5OXAAab160pn-Q576.pdf');
INSERT INTO `b_creditor_rights` VALUES (111, 'PN20170010010', 1, 1, 12000, 6, '1', '张三丰', '24513414142423432·', 1, 35, 8, 1, 1, '北京市海淀区中关村南大街', '6543232312321111', '1', 1, 1, '12', '金融', '中关村广场', 5, 20000, 2, '2017-10-07 00:00:00', 2, '2017-10-07 00:00:00', 2, '2017-10-07 00:00:00', 2, '2017-10-07 00:00:00', 2, '2017-10-07 00:00:00', 2, '2017-10-07 00:00:00', 1, '2017-10-07 00:00:00', 1, 12000, 12000, 100, 200, 150, 100, 3.7, 12000, 0, 1, NULL, NULL, '2017-10-07 00:00:00', 'group1/M00/00/01/wKjmgFoDFTeAd5OXAAab160pn-Q576.pdf');
INSERT INTO `b_creditor_rights` VALUES (112, 'PN20170010010', 1, 1, 12000, 6, '1', '张三丰', '24513414142423432·', 1, 35, 8, 1, 1, '北京市海淀区中关村南大街', '6543232312321111', '1', 1, 1, '12', '金融', '中关村广场', 5, 20000, 2, '2017-10-07 00:00:00', 2, '2017-10-07 00:00:00', 2, '2017-10-07 00:00:00', 2, '2017-11-16 00:00:00', 2, '2017-10-07 00:00:00', 2, '2017-10-07 00:00:00', 1, '2017-10-07 00:00:00', 1, 12000, 12000, 100, 200, 150, 100, 3.7, 12000, 0, 1, NULL, NULL, '2017-10-07 00:00:00', 'group1/M00/00/01/wKjmgFoDFTeAd5OXAAab160pn-Q576.pdf');
INSERT INTO `b_creditor_rights` VALUES (113, 'PN20170010010', 1, 1, 12000, 6, '1', '张三丰', '24513414142423432·', 1, 35, 8, 1, 1, '北京市海淀区中关村南大街', '6543232312321111', '1', 1, 1, '12', '金融', '中关村广场', 5, 20000, 2, '2017-10-07 00:00:00', 2, '2017-10-07 00:00:00', 2, '2017-10-07 00:00:00', 2, '2017-11-16 00:00:00', 2, '2017-10-07 00:00:00', 2, '2017-10-07 00:00:00', 1, '2017-10-07 00:00:00', 1, 12000, 12000, 100, 200, 150, 100, 3.7, 12000, 0, 1, NULL, NULL, '2017-10-07 00:00:00', 'group1/M00/00/01/wKjmgFoDFTeAd5OXAAab160pn-Q576.pdf');
INSERT INTO `b_creditor_rights` VALUES (114, 'PN20170010010', 1, 1, 12000, 6, '1', '张三丰', '24513414142423432·', 1, 35, 8, 1, 1, '北京市海淀区中关村南大街', '6543232312321111', '1', 1, 1, '12', '金融', '中关村广场', 5, 20000, 2, '2017-10-07 00:00:00', 2, '2017-10-07 00:00:00', 2, '2017-10-07 00:00:00', 2, '2017-11-16 00:00:00', 2, '2017-10-07 00:00:00', 2, '2017-10-07 00:00:00', 1, '2017-10-07 00:00:00', 1, 12000, 12000, 100, 200, 150, 100, 3.7, 12000, 0, 1, NULL, NULL, '2017-10-07 00:00:00', 'group1/M00/00/01/wKjmgFoDFTeAd5OXAAab160pn-Q576.pdf');
INSERT INTO `b_creditor_rights` VALUES (115, 'PN20170010010', 1, 1, 12000, 6, '1', '张三丰', '24513414142423432·', 1, 35, 8, 1, 1, '北京市海淀区中关村南大街', '6543232312321111', '1', 1, 1, '12', '金融', '中关村广场', 5, 20000, 2, '2017-10-07 00:00:00', 2, '2017-10-07 00:00:00', 2, '2017-10-07 00:00:00', 2, '2017-11-16 00:00:00', 2, '2017-10-07 00:00:00', 2, '2017-10-07 00:00:00', 1, '2017-10-07 00:00:00', 1, 12000, 12000, 100, 200, 150, 100, 3.7, 12000, 0, 1, NULL, NULL, '2017-10-07 00:00:00', 'group1/M00/00/01/wKjmgFoDFTeAd5OXAAab160pn-Q576.pdf');
INSERT INTO `b_creditor_rights` VALUES (116, 'PN20170010010', 1, 1, 12000, 6, '1', '张三丰', '24513414142423432·', 1, 35, 8, 1, 1, '北京市海淀区中关村南大街', '6543232312321111', '1', 1, 1, '12', '金融', '中关村广场', 5, 20000, 2, '2017-10-07 00:00:00', 2, '2017-10-07 00:00:00', 2, '2017-10-07 00:00:00', 2, '2017-11-16 00:00:00', 2, '2017-10-07 00:00:00', 2, '2017-10-07 00:00:00', 1, '2017-10-07 00:00:00', 1, 12000, 12000, 100, 200, 150, 100, 3.7, 12000, 0, 1, NULL, NULL, '2017-10-07 00:00:00', 'group1/M00/00/01/wKjmgFoDFTeAd5OXAAab160pn-Q576.pdf');
INSERT INTO `b_creditor_rights` VALUES (117, 'PN20170010010', 1, 1, 12000, 6, '1', '张三丰', '24513414142423432·', 1, 35, 8, 1, 1, '北京市海淀区中关村南大街', '6543232312321111', '1', 1, 1, '12', '金融', '中关村广场', 5, 20000, 2, '2017-10-07 00:00:00', 2, '2017-10-07 00:00:00', 2, '2017-10-07 00:00:00', 2, '2017-11-16 00:00:00', 2, '2017-10-07 00:00:00', 2, '2017-10-07 00:00:00', 1, '2017-10-07 00:00:00', 1, 12000, 12000, 100, 200, 150, 100, 3.7, 12000, 0, 1, NULL, NULL, '2017-10-07 00:00:00', 'group1/M00/00/01/wKjmgFoDFTeAd5OXAAab160pn-Q576.pdf');
INSERT INTO `b_creditor_rights` VALUES (118, 'PN20170010010', 1, 1, 12000, 6, '1', '张三丰', '24513414142423432·', 1, 35, 8, 1, 1, '北京市海淀区中关村南大街', '6543232312321111', '1', 1, 1, '12', '金融', '中关村广场', 5, 20000, 2, '2017-10-07 00:00:00', 2, '2017-10-07 00:00:00', 2, '2017-10-07 00:00:00', 2, '2017-11-16 00:00:00', 2, '2017-10-07 00:00:00', 2, '2017-10-07 00:00:00', 1, '2017-10-07 00:00:00', 1, 12000, 12000, 100, 200, 150, 100, 3.7, 12000, 0, 1, NULL, NULL, '2017-10-07 00:00:00', 'group1/M00/00/01/wKjmgFoDFTeAd5OXAAab160pn-Q576.pdf');
INSERT INTO `b_creditor_rights` VALUES (119, 'PN20170010010', 1, 1, 12000, 6, '1', '张三丰', '24513414142423432·', 1, 35, 8, 1, 1, '北京市海淀区中关村南大街', '6543232312321111', '1', 1, 1, '12', '金融', '中关村广场', 5, 20000, 2, '2017-10-07 00:00:00', 2, '2017-10-07 00:00:00', 2, '2017-10-07 00:00:00', 2, '2017-11-16 00:00:00', 2, '2017-10-07 00:00:00', 2, '2017-10-07 00:00:00', 1, '2017-10-07 00:00:00', 1, 12000, 12000, 100, 200, 150, 100, 3.7, 12000, 0, 1, NULL, NULL, '2017-10-07 00:00:00', 'group1/M00/00/01/wKjmgFoDFTeAd5OXAAab160pn-Q576.pdf');
INSERT INTO `b_creditor_rights` VALUES (120, 'PN20170010010', 1, 1, 12000, 6, '1', '张三丰', '24513414142423432·', 1, 35, 8, 1, 1, '北京市海淀区中关村南大街', '6543232312321111', '1', 1, 1, '12', '金融', '中关村广场', 5, 20000, 2, '2017-10-07 00:00:00', 2, '2017-10-07 00:00:00', 2, '2017-10-07 00:00:00', 2, '2017-11-16 00:00:00', 2, '2017-10-07 00:00:00', 2, '2017-10-07 00:00:00', 1, '2017-10-07 00:00:00', 1, 12000, 12000, 100, 200, 150, 100, 3.7, 12000, 0, 1, NULL, NULL, '2017-10-07 00:00:00', 'group1/M00/00/01/wKjmgFoDFTeAd5OXAAab160pn-Q576.pdf');
INSERT INTO `b_creditor_rights` VALUES (121, 'PN20170010010', 1, 1, 12000, 6, '1', '张三丰', '24513414142423432·', 1, 35, 8, 1, 1, '北京市海淀区中关村南大街', '6543232312321111', '1', 1, 1, '12', '金融', '中关村广场', 5, 20000, 2, '2017-10-07 00:00:00', 2, '2017-10-07 00:00:00', 2, '2017-10-07 00:00:00', 2, '2017-11-16 00:00:00', 2, '2017-10-07 00:00:00', 2, '2017-10-07 00:00:00', 1, '2017-10-07 00:00:00', 1, 12000, 12000, 100, 200, 150, 100, 3.7, 12000, 0, 1, NULL, NULL, '2017-10-07 00:00:00', 'group1/M00/00/01/wKjmgFoDFTeAd5OXAAab160pn-Q576.pdf');
INSERT INTO `b_creditor_rights` VALUES (122, 'PN20170010010', 1, 1, 12000, 6, '1', '张三丰', '24513414142423432·', 1, 35, 8, 1, 1, '北京市海淀区中关村南大街', '6543232312321111', '1', 1, 1, '12', '金融', '中关村广场', 5, 20000, 2, '2017-10-07 00:00:00', 2, '2017-10-07 00:00:00', 2, '2017-10-07 00:00:00', 2, '2017-11-16 00:00:00', 2, '2017-10-07 00:00:00', 2, '2017-10-07 00:00:00', 1, '2017-10-07 00:00:00', 1, 12000, 12000, 100, 200, 150, 100, 3.7, 12000, 0, 1, NULL, NULL, '2017-10-07 00:00:00', 'group1/M00/00/01/wKjmgFoDFTeAd5OXAAab160pn-Q576.pdf');
INSERT INTO `b_creditor_rights` VALUES (123, 'A32435235', 1, 1, 12000, 1, '1', '张三丰', '24513414142423432·', 1, 35, 8, 1, 1, '北京海淀', '6543232312321111', '1', 1, 1, '12', '金融', '中关村广场', 5, 20000, 2, '2017-10-07 00:00:00', 2, '2017-10-07 00:00:00', 2, '2017-10-07 00:00:00', 2, '2017-10-07 00:00:00', 2, '2017-10-07 00:00:00', 2, '2017-10-07 00:00:00', 1, '2017-10-07 00:00:00', 1, 12000, 12000, 100, 200, 150, 100, 3.7, 12000, 0, 0, NULL, NULL, '2017-10-07 00:00:00', '');
INSERT INTO `b_creditor_rights` VALUES (124, 'A32435235', 1, 1, 12000, 1, '1', '张三丰', '24513414142423432·', 1, 35, 8, 1, 1, '北京海淀', '6543232312321111', '1', 1, 1, '12', '金融', '中关村广场', 5, 20000, 2, '2017-10-07 00:00:00', 2, '2017-10-07 00:00:00', 2, '2017-10-07 00:00:00', 2, '2017-10-07 00:00:00', 2, '2017-10-07 00:00:00', 2, '2017-10-07 00:00:00', 1, '2017-10-07 00:00:00', 1, 12000, 12000, 100, 200, 150, 100, 3.7, 12000, 0, 0, NULL, NULL, '2017-10-07 00:00:00', '');
INSERT INTO `b_creditor_rights` VALUES (125, 'A32435235', 1, 1, 12000, 1, '1', '张三丰', '24513414142423432·', 1, 35, 8, 1, 1, '北京海淀', '6543232312321111', '1', 1, 1, '12', '金融', '中关村广场', 5, 20000, 2, '2017-10-07 00:00:00', 2, '2017-10-07 00:00:00', 2, '2017-10-07 00:00:00', 2, '2017-10-07 00:00:00', 2, '2017-10-07 00:00:00', 2, '2017-10-07 00:00:00', 1, '2017-10-07 00:00:00', 1, 12000, 12000, 100, 200, 150, 100, 3.7, 12000, 0, 0, NULL, NULL, '2017-10-07 00:00:00', '');
INSERT INTO `b_creditor_rights` VALUES (126, 'A32435235', 1, 1, 12000, 1, '1', '张三丰', '24513414142423432·', 1, 35, 8, 1, 1, '北京海淀', '6543232312321111', '1', 1, 1, '12', '金融', '中关村广场', 5, 20000, 2, '2017-10-07 00:00:00', 2, '2017-10-07 00:00:00', 2, '2017-10-07 00:00:00', 2, '2017-10-07 00:00:00', 2, '2017-10-07 00:00:00', 2, '2017-10-07 00:00:00', 1, '2017-10-07 00:00:00', 1, 12000, 12000, 100, 200, 150, 100, 3.7, 12000, 0, 0, NULL, NULL, '2017-10-07 00:00:00', '');
INSERT INTO `b_creditor_rights` VALUES (127, 'A32435235', 1, 1, 12000, 1, '1', '张三丰', '24513414142423432·', 1, 35, 8, 1, 1, '北京海淀', '6543232312321111', '1', 1, 1, '12', '金融', '中关村广场', 5, 20000, 2, '2017-10-07 00:00:00', 2, '2017-10-07 00:00:00', 2, '2017-10-07 00:00:00', 2, '2017-10-07 00:00:00', 2, '2017-10-07 00:00:00', 2, '2017-10-07 00:00:00', 1, '2017-10-07 00:00:00', 1, 12000, 12000, 100, 200, 150, 100, 3.7, 12000, 0, 0, NULL, NULL, '2017-10-07 00:00:00', '');
INSERT INTO `b_creditor_rights` VALUES (128, 'A32435235', 1, 1, 12000, 1, '1', '张三丰', '24513414142423432·', 1, 35, 8, 1, 1, '北京海淀', '6543232312321111', '1', 1, 1, '12', '金融', '中关村广场', 5, 20000, 2, '2017-10-07 00:00:00', 2, '2017-10-07 00:00:00', 2, '2017-10-07 00:00:00', 2, '2017-10-07 00:00:00', 2, '2017-10-07 00:00:00', 2, '2017-10-07 00:00:00', 1, '2017-10-07 00:00:00', 1, 12000, 12000, 100, 200, 150, 100, 3.7, 12000, 0, 0, NULL, NULL, '2017-10-07 00:00:00', '');
INSERT INTO `b_creditor_rights` VALUES (129, 'PN20170010010', 1, 1, 12000, 6, '1', '张三丰', '24513414142423432·', 1, 35, 8, 1, 1, '北京市海淀区中关村南大街', '6543232312321111', '1', 1, 1, '12', '金融', '中关村广场', 5, 20000, 2, '2017-10-07 00:00:00', 2, '2017-10-07 00:00:00', 2, '2017-10-07 00:00:00', 2, '2017-11-16 00:00:00', 2, '2017-10-07 00:00:00', 2, '2017-10-07 00:00:00', 1, '2017-10-07 00:00:00', 1, 12000, 12000, 100, 200, 150, 100, 3.7, 12000, 0, 1, NULL, NULL, '2017-10-07 00:00:00', 'group1/M00/00/01/wKjmgFoDFTeAd5OXAAab160pn-Q576.pdf');
INSERT INTO `b_creditor_rights` VALUES (130, 'PN20170010010', 1, 1, 12000, 6, '1', '张三丰', '24513414142423432·', 1, 35, 8, 1, 1, '北京市海淀区中关村南大街', '6543232312321111', '1', 1, 1, '12', '金融', '中关村广场', 5, 20000, 2, '2017-10-07 00:00:00', 2, '2017-10-07 00:00:00', 2, '2017-10-07 00:00:00', 2, '2017-11-16 00:00:00', 2, '2017-10-07 00:00:00', 2, '2017-10-07 00:00:00', 1, '2017-10-07 00:00:00', 1, 12000, 12000, 100, 200, 150, 100, 3.7, 12000, 0, 1, NULL, NULL, '2017-10-07 00:00:00', 'group1/M00/00/01/wKjmgFoDFTeAd5OXAAab160pn-Q576.pdf');
INSERT INTO `b_creditor_rights` VALUES (131, 'PN20170010010', 1, 1, 12000, 6, '1', '张三丰', '24513414142423432·', 1, 35, 8, 1, 1, '北京市海淀区中关村南大街', '6543232312321111', '1', 1, 1, '12', '金融', '中关村广场', 5, 20000, 2, '2017-10-07 00:00:00', 2, '2017-10-07 00:00:00', 2, '2017-10-07 00:00:00', 2, '2017-11-16 00:00:00', 2, '2017-10-07 00:00:00', 2, '2017-10-07 00:00:00', 1, '2017-10-07 00:00:00', 1, 12000, 12000, 100, 200, 150, 100, 3.7, 12000, 0, 1, NULL, NULL, '2017-10-07 00:00:00', 'group1/M00/00/01/wKjmgFoDFTeAd5OXAAab160pn-Q576.pdf');
INSERT INTO `b_creditor_rights` VALUES (132, 'PN20170010010', 1, 1, 12000, 6, '1', '张三丰', '24513414142423432·', 1, 35, 8, 1, 1, '北京市海淀区中关村南大街', '6543232312321111', '1', 1, 1, '12', '金融', '中关村广场', 5, 20000, 2, '2017-10-07 00:00:00', 2, '2017-10-07 00:00:00', 2, '2017-10-07 00:00:00', 2, '2017-11-16 00:00:00', 2, '2017-10-07 00:00:00', 2, '2017-10-07 00:00:00', 1, '2017-10-07 00:00:00', 1, 12000, 12000, 100, 200, 150, 100, 3.7, 12000, 0, 1, NULL, NULL, '2017-10-07 00:00:00', 'group1/M00/00/01/wKjmgFoDFTeAd5OXAAab160pn-Q576.pdf');
INSERT INTO `b_creditor_rights` VALUES (133, 'PN20170010010', 1, 1, 12000, 6, '1', '张三丰', '24513414142423432·', 1, 35, 8, 1, 1, '北京市海淀区中关村南大街', '6543232312321111', '1', 1, 1, '12', '金融', '中关村广场', 5, 20000, 2, '2017-10-07 00:00:00', 2, '2017-10-07 00:00:00', 2, '2017-10-07 00:00:00', 2, '2017-11-16 00:00:00', 2, '2017-10-07 00:00:00', 2, '2017-10-07 00:00:00', 1, '2017-10-07 00:00:00', 1, 12000, 12000, 100, 200, 150, 100, 3.7, 12000, 0, 1, NULL, NULL, '2017-10-07 00:00:00', 'group1/M00/00/01/wKjmgFoDFTeAd5OXAAab160pn-Q576.pdf');
INSERT INTO `b_creditor_rights` VALUES (134, 'PN20170010010', 1, 1, 12000, 6, '1', '张三丰', '24513414142423432·', 1, 35, 8, 1, 1, '北京市海淀区中关村南大街', '6543232312321111', '1', 1, 1, '12', '金融', '中关村广场', 5, 20000, 2, '2017-10-07 00:00:00', 2, '2017-10-07 00:00:00', 2, '2017-10-07 00:00:00', 2, '2017-11-16 00:00:00', 2, '2017-10-07 00:00:00', 2, '2017-10-07 00:00:00', 1, '2017-10-07 00:00:00', 1, 12000, 12000, 100, 200, 150, 100, 3.7, 12000, 0, 1, NULL, NULL, '2017-10-07 00:00:00', 'group1/M00/00/01/wKjmgFoDFTeAd5OXAAab160pn-Q576.pdf');
INSERT INTO `b_creditor_rights` VALUES (135, 'PN20170010010', 1, 1, 12000, 6, '1', '张三丰', '24513414142423432·', 1, 35, 8, 1, 1, '北京市海淀区中关村南大街', '6543232312321111', '1', 1, 1, '12', '金融', '中关村广场', 5, 20000, 2, '2017-10-07 00:00:00', 2, '2017-10-07 00:00:00', 2, '2017-10-07 00:00:00', 2, '2017-11-16 00:00:00', 2, '2017-10-07 00:00:00', 2, '2017-10-07 00:00:00', 1, '2017-10-07 00:00:00', 1, 12000, 12000, 100, 200, 150, 100, 3.7, 12000, 0, 1, NULL, NULL, '2017-10-07 00:00:00', 'group1/M00/00/01/wKjmgFoDFTeAd5OXAAab160pn-Q576.pdf');
INSERT INTO `b_creditor_rights` VALUES (136, 'PN20170010010', 1, 1, 12000, 6, '1', '张三丰', '24513414142423432·', 1, 35, 8, 1, 1, '北京市海淀区中关村南大街', '6543232312321111', '1', 1, 1, '12', '金融', '中关村广场', 5, 20000, 2, '2017-10-07 00:00:00', 2, '2017-10-07 00:00:00', 2, '2017-10-07 00:00:00', 2, '2017-11-16 00:00:00', 2, '2017-10-07 00:00:00', 2, '2017-10-07 00:00:00', 1, '2017-10-07 00:00:00', 1, 12000, 12000, 100, 200, 150, 100, 3.7, 12000, 0, 1, NULL, NULL, '2017-10-07 00:00:00', 'group1/M00/00/01/wKjmgFoDFTeAd5OXAAab160pn-Q576.pdf');
INSERT INTO `b_creditor_rights` VALUES (137, 'PN20170010010', 1, 1, 12000, 6, '1', '张三丰', '24513414142423432·', 1, 35, 8, 1, 1, '北京市海淀区中关村南大街', '6543232312321111', '1', 1, 1, '12', '金融', '中关村广场', 5, 20000, 2, '2017-10-07 00:00:00', 2, '2017-10-07 00:00:00', 2, '2017-10-07 00:00:00', 2, '2017-11-16 00:00:00', 2, '2017-10-07 00:00:00', 2, '2017-10-07 00:00:00', 1, '2017-10-07 00:00:00', 1, 12000, 12000, 100, 200, 150, 100, 3.7, 12000, 0, 1, NULL, NULL, '2017-10-07 00:00:00', 'group1/M00/00/01/wKjmgFoDFTeAd5OXAAab160pn-Q576.pdf');
INSERT INTO `b_creditor_rights` VALUES (138, 'PN20170010010', 1, 1, 12000, 6, '1', '张三丰', '24513414142423432·', 1, 35, 8, 1, 1, '北京市海淀区中关村南大街', '6543232312321111', '1', 1, 1, '12', '金融', '中关村广场', 5, 20000, 2, '2017-10-07 00:00:00', 2, '2017-10-07 00:00:00', 2, '2017-10-07 00:00:00', 2, '2017-10-07 00:00:00', 2, '2017-10-07 00:00:00', 2, '2017-10-07 00:00:00', 1, '2017-10-07 00:00:00', 1, 12000, 12000, 100, 200, 150, 100, 3.7, 12000, 0, 1, NULL, NULL, '2017-10-07 00:00:00', 'group1/M00/00/01/wKjmgFoDFTeAd5OXAAab160pn-Q576.pdf');
INSERT INTO `b_creditor_rights` VALUES (139, 'PN20170010010', 1, 1, 12000, 6, '1', '张三丰', '24513414142423432·', 1, 35, 8, 1, 1, '北京市海淀区中关村南大街', '6543232312321111', '1', 1, 1, '12', '金融', '中关村广场', 5, 20000, 2, '2017-10-07 00:00:00', 2, '2017-10-07 00:00:00', 2, '2017-10-07 00:00:00', 2, '2017-10-07 00:00:00', 2, '2017-10-07 00:00:00', 2, '2017-10-07 00:00:00', 1, '2017-10-07 00:00:00', 1, 12000, 12000, 100, 200, 150, 100, 3.7, 12000, 0, 1, NULL, NULL, '2017-10-07 00:00:00', 'group1/M00/00/01/wKjmgFoDFTeAd5OXAAab160pn-Q576.pdf');
INSERT INTO `b_creditor_rights` VALUES (140, 'PN20170010010', 1, 1, 12000, 6, '1', '张三丰', '24513414142423432·', 1, 35, 8, 1, 1, '北京市海淀区中关村南大街', '6543232312321111', '1', 1, 1, '12', '金融', '中关村广场', 5, 20000, 2, '2017-10-07 00:00:00', 2, '2017-10-07 00:00:00', 2, '2017-10-07 00:00:00', 2, '2017-11-16 00:00:00', 2, '2017-10-07 00:00:00', 2, '2017-10-07 00:00:00', 1, '2017-10-07 00:00:00', 1, 12000, 12000, 100, 200, 150, 100, 3.7, 12000, 0, 1, NULL, NULL, '2017-10-07 00:00:00', 'group1/M00/00/01/wKjmgFoDFTeAd5OXAAab160pn-Q576.pdf');
INSERT INTO `b_creditor_rights` VALUES (141, 'PN20170010010', 1, 1, 12000, 6, '1', '张三丰', '24513414142423432·', 1, 35, 8, 1, 1, '北京市海淀区中关村南大街', '6543232312321111', '1', 1, 1, '12', '金融', '中关村广场', 5, 20000, 2, '2017-10-07 00:00:00', 2, '2017-10-07 00:00:00', 2, '2017-10-07 00:00:00', 2, '2017-10-07 00:00:00', 2, '2017-10-07 00:00:00', 2, '2017-10-07 00:00:00', 1, '2017-10-07 00:00:00', 1, 12000, 12000, 100, 200, 150, 100, 3.7, 12000, 0, 1, NULL, NULL, '2017-10-07 00:00:00', 'group1/M00/00/01/wKjmgFoDFTeAd5OXAAab160pn-Q576.pdf');
INSERT INTO `b_creditor_rights` VALUES (142, 'PN20170010010', 1, 1, 12000, 6, '1', '张三丰', '24513414142423432·', 1, 35, 8, 1, 1, '北京市海淀区中关村南大街', '6543232312321111', '1', 1, 1, '12', '金融', '中关村广场', 5, 20000, 2, '2017-10-07 00:00:00', 2, '2017-10-07 00:00:00', 2, '2017-10-07 00:00:00', 2, '2017-10-07 00:00:00', 2, '2017-10-07 00:00:00', 2, '2017-10-07 00:00:00', 1, '2017-10-07 00:00:00', 1, 12000, 12000, 100, 200, 150, 100, 3.7, 12000, 0, 1, NULL, NULL, '2017-10-07 00:00:00', 'group1/M00/00/01/wKjmgFoDFTeAd5OXAAab160pn-Q576.pdf');
INSERT INTO `b_creditor_rights` VALUES (143, 'PN20170010010', 1, 1, 12000, 6, '1', '张三丰', '24513414142423432·', 1, 35, 8, 1, 1, '北京市海淀区中关村南大街', '6543232312321111', '1', 1, 1, '12', '金融', '中关村广场', 5, 20000, 2, '2017-10-07 00:00:00', 2, '2017-10-07 00:00:00', 2, '2017-10-07 00:00:00', 2, '2017-10-07 00:00:00', 2, '2017-10-07 00:00:00', 2, '2017-10-07 00:00:00', 1, '2017-10-07 00:00:00', 1, 12000, 12000, 100, 200, 150, 100, 3.7, 12000, 0, 1, NULL, NULL, '2017-10-07 00:00:00', 'group1/M00/00/01/wKjmgFoDFTeAd5OXAAab160pn-Q576.pdf');
INSERT INTO `b_creditor_rights` VALUES (144, 'PN20170010010', 1, 1, 12000, 6, '1', '张三丰', '24513414142423432·', 1, 35, 8, 1, 1, '北京市海淀区中关村南大街', '6543232312321111', '1', 1, 1, '12', '金融', '中关村广场', 5, 20000, 2, '2017-10-07 00:00:00', 2, '2017-10-07 00:00:00', 2, '2017-10-07 00:00:00', 2, '2017-10-07 00:00:00', 2, '2017-10-07 00:00:00', 2, '2017-10-07 00:00:00', 1, '2017-10-07 00:00:00', 1, 12000, 12000, 100, 200, 150, 100, 3.7, 12000, 0, 1, NULL, NULL, '2017-10-07 00:00:00', 'group1/M00/00/01/wKjmgFoDFTeAd5OXAAab160pn-Q576.pdf');
INSERT INTO `b_creditor_rights` VALUES (145, 'PN20170010010', 1, 1, 12000, 6, '1', '张三丰', '24513414142423432·', 1, 35, 8, 1, 1, '北京市海淀区中关村南大街', '6543232312321111', '1', 1, 1, '12', '金融', '中关村广场', 5, 20000, 2, '2017-10-07 00:00:00', 2, '2017-10-07 00:00:00', 2, '2017-10-07 00:00:00', 2, '2017-10-07 00:00:00', 2, '2017-10-07 00:00:00', 2, '2017-10-07 00:00:00', 1, '2017-10-07 00:00:00', 1, 12000, 12000, 100, 200, 150, 100, 3.7, 12000, 0, 1, NULL, NULL, '2017-10-07 00:00:00', 'group1/M00/00/01/wKjmgFoDFTeAd5OXAAab160pn-Q576.pdf');
INSERT INTO `b_creditor_rights` VALUES (146, 'PN20170010010', 1, 1, 12000, 6, '1', '张三丰', '24513414142423432·', 1, 35, 8, 1, 1, '北京市海淀区中关村南大街', '6543232312321111', '1', 1, 1, '12', '金融', '中关村广场', 5, 20000, 2, '2017-10-07 00:00:00', 2, '2017-10-07 00:00:00', 2, '2017-10-07 00:00:00', 2, '2017-10-07 00:00:00', 2, '2017-10-07 00:00:00', 2, '2017-10-07 00:00:00', 1, '2017-10-07 00:00:00', 1, 12000, 12000, 100, 200, 150, 100, 3.7, 12000, 0, 1, NULL, NULL, '2017-10-07 00:00:00', 'group1/M00/00/01/wKjmgFoDFTeAd5OXAAab160pn-Q576.pdf');
INSERT INTO `b_creditor_rights` VALUES (147, 'PN20170010010', 1, 1, 12000, 6, '1', '张三丰', '24513414142423432·', 1, 35, 8, 1, 1, '北京市海淀区中关村南大街', '6543232312321111', '1', 1, 1, '12', '金融', '中关村广场', 5, 20000, 2, '2017-10-07 00:00:00', 2, '2017-10-07 00:00:00', 2, '2017-10-07 00:00:00', 2, '2017-10-07 00:00:00', 2, '2017-10-07 00:00:00', 2, '2017-10-07 00:00:00', 1, '2017-10-07 00:00:00', 1, 12000, 12000, 100, 200, 150, 100, 3.7, 12000, 0, 1, NULL, NULL, '2017-10-07 00:00:00', 'group1/M00/00/01/wKjmgFoDFTeAd5OXAAab160pn-Q576.pdf');
INSERT INTO `b_creditor_rights` VALUES (148, 'PN20170010010', 1, 1, 12000, 6, '1', '张三丰', '24513414142423432·', 1, 35, 8, 1, 1, '北京市海淀区中关村南大街', '6543232312321111', '1', 1, 1, '12', '金融', '中关村广场', 5, 20000, 2, '2017-10-07 00:00:00', 2, '2017-10-07 00:00:00', 2, '2017-10-07 00:00:00', 2, '2017-10-07 00:00:00', 2, '2017-10-07 00:00:00', 2, '2017-10-07 00:00:00', 1, '2017-10-07 00:00:00', 1, 12000, 12000, 100, 200, 150, 100, 3.7, 12000, 0, 1, NULL, NULL, '2017-10-07 00:00:00', 'group1/M00/00/01/wKjmgFoDFTeAd5OXAAab160pn-Q576.pdf');
INSERT INTO `b_creditor_rights` VALUES (149, 'PN20170010010', 1, 1, 12000, 6, '1', '张三丰', '24513414142423432·', 1, 35, 8, 1, 1, '北京市海淀区中关村南大街', '6543232312321111', '1', 1, 1, '12', '金融', '中关村广场', 5, 20000, 2, '2017-10-07 00:00:00', 2, '2017-10-07 00:00:00', 2, '2017-10-07 00:00:00', 2, '2017-10-07 00:00:00', 2, '2017-10-07 00:00:00', 2, '2017-10-07 00:00:00', 1, '2017-10-07 00:00:00', 1, 12000, 12000, 100, 200, 150, 100, 3.7, 12000, 0, 1, NULL, NULL, '2017-10-07 00:00:00', 'group1/M00/00/01/wKjmgFoDFTeAd5OXAAab160pn-Q576.pdf');
INSERT INTO `b_creditor_rights` VALUES (150, 'PN20170010010', 1, 1, 12000, 6, '1', '张三丰', '24513414142423432·', 1, 35, 8, 1, 1, '北京市海淀区中关村南大街', '6543232312321111', '1', 1, 1, '12', '金融', '中关村广场', 5, 20000, 2, '2017-10-07 00:00:00', 2, '2017-10-07 00:00:00', 2, '2017-10-07 00:00:00', 2, '2017-10-07 00:00:00', 2, '2017-10-07 00:00:00', 2, '2017-10-07 00:00:00', 1, '2017-10-07 00:00:00', 1, 12000, 12000, 100, 200, 150, 100, 3.7, 12000, 0, 1, NULL, NULL, '2017-10-07 00:00:00', 'group1/M00/00/01/wKjmgFoDFTeAd5OXAAab160pn-Q576.pdf');
INSERT INTO `b_creditor_rights` VALUES (151, 'PN20170010010', 1, 1, 12000, 6, '1', '张三丰', '24513414142423432·', 1, 35, 8, 1, 1, '北京市海淀区中关村南大街', '6543232312321111', '1', 1, 1, '12', '金融', '中关村广场', 5, 20000, 2, '2017-10-07 00:00:00', 2, '2017-10-07 00:00:00', 2, '2017-10-07 00:00:00', 2, '2017-10-07 00:00:00', 2, '2017-10-07 00:00:00', 2, '2017-10-07 00:00:00', 1, '2017-10-07 00:00:00', 1, 12000, 12000, 100, 200, 150, 100, 3.7, 12000, 0, 1, NULL, NULL, '2017-10-07 00:00:00', 'group1/M00/00/01/wKjmgFoDFTeAd5OXAAab160pn-Q576.pdf');
INSERT INTO `b_creditor_rights` VALUES (152, 'PN20170010010', 1, 1, 12000, 6, '1', '张三丰', '24513414142423432·', 1, 35, 8, 1, 1, '北京市海淀区中关村南大街', '6543232312321111', '1', 1, 1, '12', '金融', '中关村广场', 5, 20000, 2, '2017-10-07 00:00:00', 2, '2017-10-07 00:00:00', 2, '2017-10-07 00:00:00', 2, '2017-10-07 00:00:00', 2, '2017-10-07 00:00:00', 2, '2017-10-07 00:00:00', 1, '2017-10-07 00:00:00', 1, 12000, 12000, 100, 200, 150, 100, 3.7, 12000, 0, 1, NULL, NULL, '2017-10-07 00:00:00', 'group1/M00/00/01/wKjmgFoDFTeAd5OXAAab160pn-Q576.pdf');
INSERT INTO `b_creditor_rights` VALUES (153, 'PN20170010010', 1, 1, 12000, 6, '1', '张三丰', '24513414142423432·', 1, 35, 8, 1, 1, '北京市海淀区中关村南大街', '6543232312321111', '1', 1, 1, '12', '金融', '中关村广场', 5, 20000, 2, '2017-10-07 00:00:00', 2, '2017-10-07 00:00:00', 2, '2017-10-07 00:00:00', 2, '2017-10-07 00:00:00', 2, '2017-10-07 00:00:00', 2, '2017-10-07 00:00:00', 1, '2017-10-07 00:00:00', 1, 12000, 12000, 100, 200, 150, 100, 3.7, 12000, 0, 1, NULL, NULL, '2017-10-07 00:00:00', 'group1/M00/00/01/wKjmgFoDFTeAd5OXAAab160pn-Q576.pdf');

-- ----------------------------
-- Table structure for b_dictionary_info
-- ----------------------------
DROP TABLE IF EXISTS `b_dictionary_info`;
CREATE TABLE `b_dictionary_info`  (
  `id` int(11) NOT NULL AUTO_INCREMENT,
  `type` int(2) DEFAULT NULL COMMENT '类型',
  `typeValue` int(2) DEFAULT NULL COMMENT '类型值',
  `typeName` varchar(30) CHARACTER SET utf8 COLLATE utf8_general_ci DEFAULT NULL COMMENT '类型名',
  `remark` varchar(30) CHARACTER SET utf8 COLLATE utf8_general_ci DEFAULT NULL COMMENT '备注',
  PRIMARY KEY (`id`) USING BTREE
) ENGINE = InnoDB AUTO_INCREMENT = 68 CHARACTER SET = utf8 COLLATE = utf8_general_ci ROW_FORMAT = Dynamic;

-- ----------------------------
-- Records of b_dictionary_info
-- ----------------------------
INSERT INTO `b_dictionary_info` VALUES (1, 1, 1, '线上申请', '借款进件来源');
INSERT INTO `b_dictionary_info` VALUES (2, 1, 2, '线下申请', '借款进件来源');
INSERT INTO `b_dictionary_info` VALUES (3, 2, 1, '1个月', '申请借款期限');
INSERT INTO `b_dictionary_info` VALUES (4, 2, 3, '3个月', '申请借款期限');
INSERT INTO `b_dictionary_info` VALUES (5, 2, 6, '6个月', '申请借款期限');
INSERT INTO `b_dictionary_info` VALUES (6, 2, 12, '12个月', '申请借款期限');
INSERT INTO `b_dictionary_info` VALUES (7, 2, 18, '18个月', '申请借款期限');
INSERT INTO `b_dictionary_info` VALUES (8, 2, 24, '24个月', '申请借款期限');
INSERT INTO `b_dictionary_info` VALUES (9, 3, 1, '精英借', '申请借款产品');
INSERT INTO `b_dictionary_info` VALUES (10, 3, 2, '老板借', '申请借款产品');
INSERT INTO `b_dictionary_info` VALUES (11, 3, 3, '公司借', '申请借款产品');
INSERT INTO `b_dictionary_info` VALUES (12, 3, 4, '消费借', '申请借款产品');
INSERT INTO `b_dictionary_info` VALUES (13, 4, 1, '品质生活', '申请借款目的');
INSERT INTO `b_dictionary_info` VALUES (14, 4, 2, '旅游消费', '申请借款目的');
INSERT INTO `b_dictionary_info` VALUES (15, 4, 3, '扩大经营', '申请借款目的');
INSERT INTO `b_dictionary_info` VALUES (16, 4, 4, '资金周转', '申请借款目的');
INSERT INTO `b_dictionary_info` VALUES (17, 5, 1, '男', '性别');
INSERT INTO `b_dictionary_info` VALUES (18, 5, 2, '女', '性别');
INSERT INTO `b_dictionary_info` VALUES (19, 6, 1, '小学', '学历');
INSERT INTO `b_dictionary_info` VALUES (20, 6, 2, '初中', '学历');
INSERT INTO `b_dictionary_info` VALUES (21, 6, 3, '高中', '学历');
INSERT INTO `b_dictionary_info` VALUES (22, 6, 4, '专科', '学历');
INSERT INTO `b_dictionary_info` VALUES (23, 6, 5, '本科', '学历');
INSERT INTO `b_dictionary_info` VALUES (24, 6, 6, '硕士', '学历');
INSERT INTO `b_dictionary_info` VALUES (25, 6, 7, '博士', '学历');
INSERT INTO `b_dictionary_info` VALUES (26, 6, 8, '博士及以上', '学历');
INSERT INTO `b_dictionary_info` VALUES (27, 7, 1, '未婚', '婚姻状况');
INSERT INTO `b_dictionary_info` VALUES (28, 7, 2, '已婚', '婚姻状况');
INSERT INTO `b_dictionary_info` VALUES (29, 8, 1, '北京', '所在城市');
INSERT INTO `b_dictionary_info` VALUES (30, 8, 2, '上海', '所在城市');
INSERT INTO `b_dictionary_info` VALUES (31, 8, 3, '南京', '所在城市');
INSERT INTO `b_dictionary_info` VALUES (32, 8, 4, '合肥', '所在城市');
INSERT INTO `b_dictionary_info` VALUES (33, 8, 5, '郑州', '所在城市');
INSERT INTO `b_dictionary_info` VALUES (34, 9, 1, '中国银行', '银行');
INSERT INTO `b_dictionary_info` VALUES (35, 9, 2, '建设银行', '银行');
INSERT INTO `b_dictionary_info` VALUES (36, 9, 3, '工商银行', '银行');
INSERT INTO `b_dictionary_info` VALUES (37, 9, 4, '农业银行', '银行');
INSERT INTO `b_dictionary_info` VALUES (38, 9, 5, '招商银行', '银行');
INSERT INTO `b_dictionary_info` VALUES (39, 9, 6, '交通银行', '银行');
INSERT INTO `b_dictionary_info` VALUES (40, 9, 7, '民生银行', '银行');
INSERT INTO `b_dictionary_info` VALUES (41, 9, 8, '广大银行', '银行');
INSERT INTO `b_dictionary_info` VALUES (42, 9, 9, '浦发银行', '银行');
INSERT INTO `b_dictionary_info` VALUES (43, 9, 10, '华夏银行', '银行');
INSERT INTO `b_dictionary_info` VALUES (44, 9, 11, '兴业银行', '银行');
INSERT INTO `b_dictionary_info` VALUES (45, 9, 12, '中信银行', '银行');
INSERT INTO `b_dictionary_info` VALUES (46, 9, 13, '广发银行', '银行');
INSERT INTO `b_dictionary_info` VALUES (47, 9, 14, '平安银行', '银行');
INSERT INTO `b_dictionary_info` VALUES (48, 10, 1, '销售|客服|市场', '工作');
INSERT INTO `b_dictionary_info` VALUES (49, 10, 2, '财务|人力资源|行政', '工作');
INSERT INTO `b_dictionary_info` VALUES (50, 10, 3, '项目|质量|高级管理', '工作');
INSERT INTO `b_dictionary_info` VALUES (51, 10, 4, 'IT|互联网|通信', '工作');
INSERT INTO `b_dictionary_info` VALUES (52, 10, 5, '房产|建筑|物业管理', '工作');
INSERT INTO `b_dictionary_info` VALUES (53, 10, 6, '金融', '工作');
INSERT INTO `b_dictionary_info` VALUES (54, 10, 7, '采购|贸易|交通|物流', '工作');
INSERT INTO `b_dictionary_info` VALUES (55, 10, 8, '生产|制造', '工作');
INSERT INTO `b_dictionary_info` VALUES (56, 10, 9, '传媒|印刷|艺术|设计', '工作');
INSERT INTO `b_dictionary_info` VALUES (57, 10, 10, '咨询|法律|教育|翻译', '工作');
INSERT INTO `b_dictionary_info` VALUES (58, 10, 11, '服务业', '工作');
INSERT INTO `b_dictionary_info` VALUES (59, 10, 12, '能源|环保|农业|科研', '工作');
INSERT INTO `b_dictionary_info` VALUES (60, 10, 13, '私营业主', '工作');
INSERT INTO `b_dictionary_info` VALUES (61, 10, 14, '自由职业', '工作');
INSERT INTO `b_dictionary_info` VALUES (62, 10, 15, '其他', '工作');
INSERT INTO `b_dictionary_info` VALUES (63, 11, 1, '未认证', '认证状态');
INSERT INTO `b_dictionary_info` VALUES (64, 11, 2, '已认证', '认证状态');
INSERT INTO `b_dictionary_info` VALUES (65, 12, 0, '体验产品', '体验产品');
INSERT INTO `b_dictionary_info` VALUES (66, 12, 1, '优选产品', '优选产品');
INSERT INTO `b_dictionary_info` VALUES (67, 12, 2, '散标产品', '散标产品');

-- ----------------------------
-- Table structure for b_loan_creditor_match
-- ----------------------------
DROP TABLE IF EXISTS `b_loan_creditor_match`;
CREATE TABLE `b_loan_creditor_match`  (
  `id` int(11) NOT NULL AUTO_INCREMENT COMMENT '主键ID',
  `loan_id` int(11) NOT NULL COMMENT '产品ID',
  `creditor_id` int(11) DEFAULT NULL COMMENT '债权ID',
  PRIMARY KEY (`id`) USING BTREE
) ENGINE = InnoDB AUTO_INCREMENT = 2 CHARACTER SET = utf8 COLLATE = utf8_general_ci ROW_FORMAT = Dynamic;

-- ----------------------------
-- Records of b_loan_creditor_match
-- ----------------------------
INSERT INTO `b_loan_creditor_match` VALUES (1, 1, 1);

-- ----------------------------
-- Table structure for b_product_type
-- ----------------------------
DROP TABLE IF EXISTS `b_product_type`;
CREATE TABLE `b_product_type`  (
  `id` int(11) NOT NULL AUTO_INCREMENT COMMENT '主键ID',
  `productType` int(11) NOT NULL COMMENT '产品类型',
  `productTypeName` varchar(50) CHARACTER SET utf8 COLLATE utf8_general_ci NOT NULL COMMENT '产品类型名称',
  PRIMARY KEY (`id`) USING BTREE
) ENGINE = InnoDB AUTO_INCREMENT = 4 CHARACTER SET = utf8 COLLATE = utf8_general_ci COMMENT = '产品类型表' ROW_FORMAT = Dynamic;

-- ----------------------------
-- Records of b_product_type
-- ----------------------------
INSERT INTO `b_product_type` VALUES (1, 0, '体验产品');
INSERT INTO `b_product_type` VALUES (2, 1, '优选产品');
INSERT INTO `b_product_type` VALUES (3, 2, '散标产品');

-- ----------------------------
-- Table structure for b_slide_show
-- ----------------------------
DROP TABLE IF EXISTS `b_slide_show`;
CREATE TABLE `b_slide_show`  (
  `id` int(11) NOT NULL AUTO_INCREMENT COMMENT '主键',
  `slide_title` varchar(50) CHARACTER SET utf8 COLLATE utf8_general_ci NOT NULL DEFAULT '0' COMMENT '轮播图标题',
  `slide_url` varchar(150) CHARACTER SET utf8 COLLATE utf8_general_ci NOT NULL DEFAULT '0' COMMENT '轮播图点击后跳转的URL',
  `slide_image_url` varchar(150) CHARACTER SET utf8 COLLATE utf8_general_ci NOT NULL DEFAULT '0' COMMENT '轮播图图片URL',
  `slide_start_time` datetime(0) NOT NULL COMMENT '轮播图展示开始时间',
  `slide_end_time` datetime(0) NOT NULL COMMENT '轮播图展示结束时间',
  `slide_status` int(1) NOT NULL COMMENT '轮播图状态：1启用，2禁用',
  `slide_create_time` datetime(0) NOT NULL COMMENT '轮播图创建时间',
  `slide_update_time` datetime(0) DEFAULT NULL COMMENT '轮播图更新时间',
  PRIMARY KEY (`id`) USING BTREE
) ENGINE = InnoDB AUTO_INCREMENT = 262233 CHARACTER SET = utf8 COLLATE = utf8_general_ci COMMENT = '轮播图' ROW_FORMAT = Dynamic;

-- ----------------------------
-- Records of b_slide_show
-- ----------------------------
INSERT INTO `b_slide_show` VALUES (2, '金秋活动第二期', '01', '1', '2017-09-10 13:57:43', '2017-09-10 13:57:44', 1, '2017-09-10 13:57:48', '2017-09-10 13:57:49');
INSERT INTO `b_slide_show` VALUES (3, '金秋活动第二期', '01', '1', '2017-09-10 13:57:43', '2017-09-10 13:57:44', 1, '2017-09-10 13:57:48', '2017-09-10 13:57:49');
INSERT INTO `b_slide_show` VALUES (4, '金秋活动第二期', '01', '1', '2017-09-10 13:57:43', '2017-09-10 13:57:44', 1, '2017-09-10 13:57:48', '2017-09-10 13:57:49');
INSERT INTO `b_slide_show` VALUES (6, '金秋活动第二期', '01', '1', '2017-09-10 13:57:43', '2017-09-10 13:57:44', 1, '2017-09-10 13:57:48', '2017-09-10 13:57:49');
INSERT INTO `b_slide_show` VALUES (7, '金秋活动第二期', '01', '1', '2017-09-10 13:57:43', '2017-09-10 13:57:44', 1, '2017-09-10 13:57:48', '2017-09-10 13:57:49');
INSERT INTO `b_slide_show` VALUES (8, '金秋活动第二期', '01', '1', '2017-09-10 13:57:43', '2017-09-10 13:57:44', 1, '2017-09-10 13:57:48', '2017-09-10 13:57:49');
INSERT INTO `b_slide_show` VALUES (9, '金秋活动第二期', '01', '1', '2017-09-10 13:57:43', '2017-09-10 13:57:44', 1, '2017-09-10 13:57:48', '2017-09-10 13:57:49');
INSERT INTO `b_slide_show` VALUES (13, '金秋活动第二期', '01', '1', '2017-09-10 13:57:43', '2017-09-10 13:57:44', 1, '2017-09-10 13:57:48', '2017-09-10 13:57:49');
INSERT INTO `b_slide_show` VALUES (14, '金秋活动第二期', '01', '1', '2017-09-10 13:57:43', '2017-09-10 13:57:44', 1, '2017-09-10 13:57:48', '2017-09-10 13:57:49');
INSERT INTO `b_slide_show` VALUES (15, '金秋活动第二期', '01', '1', '2017-09-10 13:57:43', '2017-09-10 13:57:44', 1, '2017-09-10 13:57:48', '2017-09-10 13:57:49');
INSERT INTO `b_slide_show` VALUES (16, '金秋活动第二期', '01', '1', '2017-09-10 13:57:43', '2017-09-10 13:57:44', 1, '2017-09-10 13:57:48', '2017-09-10 13:57:49');
INSERT INTO `b_slide_show` VALUES (17, '金秋活动第二期', '01', '1', '2017-09-10 13:57:43', '2017-09-10 13:57:44', 1, '2017-09-10 13:57:48', '2017-09-10 13:57:49');
INSERT INTO `b_slide_show` VALUES (18, '金秋活动第二期', '01', '1', '2017-09-10 13:57:43', '2017-09-10 13:57:44', 1, '2017-09-10 13:57:48', '2017-09-10 13:57:49');
INSERT INTO `b_slide_show` VALUES (19, '金秋活动第二期', '01', '1', '2017-09-10 13:57:43', '2017-09-10 13:57:44', 1, '2017-09-10 13:57:48', '2017-09-10 13:57:49');
INSERT INTO `b_slide_show` VALUES (20, '金秋活动第二期', '01', '1', '2017-09-10 13:57:43', '2017-09-10 13:57:44', 1, '2017-09-10 13:57:48', '2017-09-10 13:57:49');
INSERT INTO `b_slide_show` VALUES (28, '金秋活动第二期', '01', '1', '2017-09-10 13:57:43', '2017-09-10 13:57:44', 1, '2017-09-10 13:57:48', '2017-09-10 13:57:49');
INSERT INTO `b_slide_show` VALUES (29, '金秋活动第二期', '01', '1', '2017-09-10 13:57:43', '2017-09-10 13:57:44', 1, '2017-09-10 13:57:48', '2017-09-10 13:57:49');
INSERT INTO `b_slide_show` VALUES (30, '金秋活动第二期', '01', '1', '2017-09-10 13:57:43', '2017-09-10 13:57:44', 1, '2017-09-10 13:57:48', '2017-09-10 13:57:49');
INSERT INTO `b_slide_show` VALUES (31, '金秋活动第二期', '01', '1', '2017-09-10 13:57:43', '2017-09-10 13:57:44', 1, '2017-09-10 13:57:48', '2017-09-10 13:57:49');
INSERT INTO `b_slide_show` VALUES (32, '金秋活动第二期', '01', '1', '2017-09-10 13:57:43', '2017-09-10 13:57:44', 1, '2017-09-10 13:57:48', '2017-09-10 13:57:49');
INSERT INTO `b_slide_show` VALUES (33, '金秋活动第二期', '01', '1', '2017-09-10 13:57:43', '2017-09-10 13:57:44', 1, '2017-09-10 13:57:48', '2017-09-10 13:57:49');
INSERT INTO `b_slide_show` VALUES (34, '金秋活动第二期', '01', '1', '2017-09-10 13:57:43', '2017-09-10 13:57:44', 1, '2017-09-10 13:57:48', '2017-09-10 13:57:49');
INSERT INTO `b_slide_show` VALUES (35, '金秋活动第二期', '01', '1', '2017-09-10 13:57:43', '2017-09-10 13:57:44', 1, '2017-09-10 13:57:48', '2017-09-10 13:57:49');
INSERT INTO `b_slide_show` VALUES (36, '金秋活动第二期', '01', '1', '2017-09-10 13:57:43', '2017-09-10 13:57:44', 1, '2017-09-10 13:57:48', '2017-09-10 13:57:49');
INSERT INTO `b_slide_show` VALUES (37, '金秋活动第二期', '01', '1', '2017-09-10 13:57:43', '2017-09-10 13:57:44', 1, '2017-09-10 13:57:48', '2017-09-10 13:57:49');
INSERT INTO `b_slide_show` VALUES (38, '金秋活动第二期', '01', '1', '2017-09-10 13:57:43', '2017-09-10 13:57:44', 1, '2017-09-10 13:57:48', '2017-09-10 13:57:49');
INSERT INTO `b_slide_show` VALUES (39, '金秋活动第二期', '01', '1', '2017-09-10 13:57:43', '2017-09-10 13:57:44', 1, '2017-09-10 13:57:48', '2017-09-10 13:57:49');
INSERT INTO `b_slide_show` VALUES (40, '金秋活动第二期', '01', '1', '2017-09-10 13:57:43', '2017-09-10 13:57:44', 1, '2017-09-10 13:57:48', '2017-09-10 13:57:49');
INSERT INTO `b_slide_show` VALUES (41, '金秋活动第二期', '01', '1', '2017-09-10 13:57:43', '2017-09-10 13:57:44', 1, '2017-09-10 13:57:48', '2017-09-10 13:57:49');
INSERT INTO `b_slide_show` VALUES (42, '金秋活动第二期', '01', '1', '2017-09-10 13:57:43', '2017-09-10 13:57:44', 1, '2017-09-10 13:57:48', '2017-09-10 13:57:49');
INSERT INTO `b_slide_show` VALUES (43, '金秋活动第二期', '01', '1', '2017-09-10 13:57:43', '2017-09-10 13:57:44', 1, '2017-09-10 13:57:48', '2017-09-10 13:57:49');
INSERT INTO `b_slide_show` VALUES (59, '金秋活动第二期', '01', '1', '2017-09-10 13:57:43', '2017-09-10 13:57:44', 1, '2017-09-10 13:57:48', '2017-09-10 13:57:49');
INSERT INTO `b_slide_show` VALUES (60, '金秋活动第二期', '01', '1', '2017-09-10 13:57:43', '2017-09-10 13:57:44', 1, '2017-09-10 13:57:48', '2017-09-10 13:57:49');
INSERT INTO `b_slide_show` VALUES (61, '金秋活动第二期', '01', '1', '2017-09-10 13:57:43', '2017-09-10 13:57:44', 1, '2017-09-10 13:57:48', '2017-09-10 13:57:49');
INSERT INTO `b_slide_show` VALUES (62, '金秋活动第二期', '01', '1', '2017-09-10 13:57:43', '2017-09-10 13:57:44', 1, '2017-09-10 13:57:48', '2017-09-10 13:57:49');
INSERT INTO `b_slide_show` VALUES (63, '金秋活动第二期', '01', '1', '2017-09-10 13:57:43', '2017-09-10 13:57:44', 1, '2017-09-10 13:57:48', '2017-09-10 13:57:49');
INSERT INTO `b_slide_show` VALUES (64, '金秋活动第二期', '01', '1', '2017-09-10 13:57:43', '2017-09-10 13:57:44', 1, '2017-09-10 13:57:48', '2017-09-10 13:57:49');
INSERT INTO `b_slide_show` VALUES (65, '金秋活动第二期', '01', '1', '2017-09-10 13:57:43', '2017-09-10 13:57:44', 1, '2017-09-10 13:57:48', '2017-09-10 13:57:49');
INSERT INTO `b_slide_show` VALUES (66, '金秋活动第二期', '01', '1', '2017-09-10 13:57:43', '2017-09-10 13:57:44', 1, '2017-09-10 13:57:48', '2017-09-10 13:57:49');
INSERT INTO `b_slide_show` VALUES (67, '金秋活动第二期', '01', '1', '2017-09-10 13:57:43', '2017-09-10 13:57:44', 1, '2017-09-10 13:57:48', '2017-09-10 13:57:49');
INSERT INTO `b_slide_show` VALUES (68, '金秋活动第二期', '01', '1', '2017-09-10 13:57:43', '2017-09-10 13:57:44', 1, '2017-09-10 13:57:48', '2017-09-10 13:57:49');
INSERT INTO `b_slide_show` VALUES (69, '金秋活动第二期', '01', '1', '2017-09-10 13:57:43', '2017-09-10 13:57:44', 1, '2017-09-10 13:57:48', '2017-09-10 13:57:49');
INSERT INTO `b_slide_show` VALUES (70, '金秋活动第二期', '01', '1', '2017-09-10 13:57:43', '2017-09-10 13:57:44', 1, '2017-09-10 13:57:48', '2017-09-10 13:57:49');
INSERT INTO `b_slide_show` VALUES (71, '金秋活动第二期', '01', '1', '2017-09-10 13:57:43', '2017-09-10 13:57:44', 1, '2017-09-10 13:57:48', '2017-09-10 13:57:49');
INSERT INTO `b_slide_show` VALUES (72, '金秋活动第二期', '01', '1', '2017-09-10 13:57:43', '2017-09-10 13:57:44', 1, '2017-09-10 13:57:48', '2017-09-10 13:57:49');
INSERT INTO `b_slide_show` VALUES (73, '金秋活动第二期', '01', '1', '2017-09-10 13:57:43', '2017-09-10 13:57:44', 1, '2017-09-10 13:57:48', '2017-09-10 13:57:49');
INSERT INTO `b_slide_show` VALUES (74, '金秋活动第二期', '01', '1', '2017-09-10 13:57:43', '2017-09-10 13:57:44', 1, '2017-09-10 13:57:48', '2017-09-10 13:57:49');
INSERT INTO `b_slide_show` VALUES (75, '金秋活动第二期', '01', '1', '2017-09-10 13:57:43', '2017-09-10 13:57:44', 1, '2017-09-10 13:57:48', '2017-09-10 13:57:49');
INSERT INTO `b_slide_show` VALUES (76, '金秋活动第二期', '01', '1', '2017-09-10 13:57:43', '2017-09-10 13:57:44', 1, '2017-09-10 13:57:48', '2017-09-10 13:57:49');
INSERT INTO `b_slide_show` VALUES (77, '金秋活动第二期', '01', '1', '2017-09-10 13:57:43', '2017-09-10 13:57:44', 1, '2017-09-10 13:57:48', '2017-09-10 13:57:49');
INSERT INTO `b_slide_show` VALUES (78, '金秋活动第二期', '01', '1', '2017-09-10 13:57:43', '2017-09-10 13:57:44', 1, '2017-09-10 13:57:48', '2017-09-10 13:57:49');
INSERT INTO `b_slide_show` VALUES (79, '金秋活动第二期', '01', '1', '2017-09-10 13:57:43', '2017-09-10 13:57:44', 1, '2017-09-10 13:57:48', '2017-09-10 13:57:49');
INSERT INTO `b_slide_show` VALUES (80, '金秋活动第二期', '01', '1', '2017-09-10 13:57:43', '2017-09-10 13:57:44', 1, '2017-09-10 13:57:48', '2017-09-10 13:57:49');
INSERT INTO `b_slide_show` VALUES (81, '金秋活动第二期', '01', '1', '2017-09-10 13:57:43', '2017-09-10 13:57:44', 1, '2017-09-10 13:57:48', '2017-09-10 13:57:49');
INSERT INTO `b_slide_show` VALUES (82, '金秋活动第二期', '01', '1', '2017-09-10 13:57:43', '2017-09-10 13:57:44', 1, '2017-09-10 13:57:48', '2017-09-10 13:57:49');
INSERT INTO `b_slide_show` VALUES (83, '金秋活动第二期', '01', '1', '2017-09-10 13:57:43', '2017-09-10 13:57:44', 1, '2017-09-10 13:57:48', '2017-09-10 13:57:49');
INSERT INTO `b_slide_show` VALUES (84, '金秋活动第二期', '01', '1', '2017-09-10 13:57:43', '2017-09-10 13:57:44', 1, '2017-09-10 13:57:48', '2017-09-10 13:57:49');
INSERT INTO `b_slide_show` VALUES (85, '金秋活动第二期', '01', '1', '2017-09-10 13:57:43', '2017-09-10 13:57:44', 1, '2017-09-10 13:57:48', '2017-09-10 13:57:49');
INSERT INTO `b_slide_show` VALUES (86, '金秋活动第二期', '01', '1', '2017-09-10 13:57:43', '2017-09-10 13:57:44', 1, '2017-09-10 13:57:48', '2017-09-10 13:57:49');
INSERT INTO `b_slide_show` VALUES (87, '金秋活动第二期', '01', '1', '2017-09-10 13:57:43', '2017-09-10 13:57:44', 1, '2017-09-10 13:57:48', '2017-09-10 13:57:49');
INSERT INTO `b_slide_show` VALUES (88, '金秋活动第二期', '01', '1', '2017-09-10 13:57:43', '2017-09-10 13:57:44', 1, '2017-09-10 13:57:48', '2017-09-10 13:57:49');
INSERT INTO `b_slide_show` VALUES (89, '金秋活动第二期', '01', '1', '2017-09-10 13:57:43', '2017-09-10 13:57:44', 1, '2017-09-10 13:57:48', '2017-09-10 13:57:49');
INSERT INTO `b_slide_show` VALUES (90, '金秋活动第二期', '01', '1', '2017-09-10 13:57:43', '2017-09-10 13:57:44', 1, '2017-09-10 13:57:48', '2017-09-10 13:57:49');
INSERT INTO `b_slide_show` VALUES (122, '金秋活动第二期', '01', '1', '2017-09-10 13:57:43', '2017-09-10 13:57:44', 1, '2017-09-10 13:57:48', '2017-09-10 13:57:49');
INSERT INTO `b_slide_show` VALUES (123, '金秋活动第二期', '01', '1', '2017-09-10 13:57:43', '2017-09-10 13:57:44', 1, '2017-09-10 13:57:48', '2017-09-10 13:57:49');
INSERT INTO `b_slide_show` VALUES (124, '金秋活动第二期', '01', '1', '2017-09-10 13:57:43', '2017-09-10 13:57:44', 1, '2017-09-10 13:57:48', '2017-09-10 13:57:49');
INSERT INTO `b_slide_show` VALUES (125, '金秋活动第二期', '01', '1', '2017-09-10 13:57:43', '2017-09-10 13:57:44', 1, '2017-09-10 13:57:48', '2017-09-10 13:57:49');
INSERT INTO `b_slide_show` VALUES (126, '金秋活动第二期', '01', '1', '2017-09-10 13:57:43', '2017-09-10 13:57:44', 1, '2017-09-10 13:57:48', '2017-09-10 13:57:49');
INSERT INTO `b_slide_show` VALUES (127, '金秋活动第二期', '01', '1', '2017-09-10 13:57:43', '2017-09-10 13:57:44', 1, '2017-09-10 13:57:48', '2017-09-10 13:57:49');
INSERT INTO `b_slide_show` VALUES (128, '金秋活动第二期', '01', '1', '2017-09-10 13:57:43', '2017-09-10 13:57:44', 1, '2017-09-10 13:57:48', '2017-09-10 13:57:49');
INSERT INTO `b_slide_show` VALUES (129, '金秋活动第二期', '01', '1', '2017-09-10 13:57:43', '2017-09-10 13:57:44', 1, '2017-09-10 13:57:48', '2017-09-10 13:57:49');
INSERT INTO `b_slide_show` VALUES (130, '金秋活动第二期', '01', '1', '2017-09-10 13:57:43', '2017-09-10 13:57:44', 1, '2017-09-10 13:57:48', '2017-09-10 13:57:49');
INSERT INTO `b_slide_show` VALUES (131, '金秋活动第二期', '01', '1', '2017-09-10 13:57:43', '2017-09-10 13:57:44', 1, '2017-09-10 13:57:48', '2017-09-10 13:57:49');
INSERT INTO `b_slide_show` VALUES (132, '金秋活动第二期', '01', '1', '2017-09-10 13:57:43', '2017-09-10 13:57:44', 1, '2017-09-10 13:57:48', '2017-09-10 13:57:49');
INSERT INTO `b_slide_show` VALUES (133, '金秋活动第二期', '01', '1', '2017-09-10 13:57:43', '2017-09-10 13:57:44', 1, '2017-09-10 13:57:48', '2017-09-10 13:57:49');
INSERT INTO `b_slide_show` VALUES (134, '金秋活动第二期', '01', '1', '2017-09-10 13:57:43', '2017-09-10 13:57:44', 1, '2017-09-10 13:57:48', '2017-09-10 13:57:49');
INSERT INTO `b_slide_show` VALUES (135, '金秋活动第二期', '01', '1', '2017-09-10 13:57:43', '2017-09-10 13:57:44', 1, '2017-09-10 13:57:48', '2017-09-10 13:57:49');
INSERT INTO `b_slide_show` VALUES (136, '金秋活动第二期', '01', '1', '2017-09-10 13:57:43', '2017-09-10 13:57:44', 1, '2017-09-10 13:57:48', '2017-09-10 13:57:49');
INSERT INTO `b_slide_show` VALUES (137, '金秋活动第二期', '01', '1', '2017-09-10 13:57:43', '2017-09-10 13:57:44', 1, '2017-09-10 13:57:48', '2017-09-10 13:57:49');
INSERT INTO `b_slide_show` VALUES (138, '金秋活动第二期', '01', '1', '2017-09-10 13:57:43', '2017-09-10 13:57:44', 1, '2017-09-10 13:57:48', '2017-09-10 13:57:49');
INSERT INTO `b_slide_show` VALUES (139, '金秋活动第二期', '01', '1', '2017-09-10 13:57:43', '2017-09-10 13:57:44', 1, '2017-09-10 13:57:48', '2017-09-10 13:57:49');
INSERT INTO `b_slide_show` VALUES (140, '金秋活动第二期', '01', '1', '2017-09-10 13:57:43', '2017-09-10 13:57:44', 1, '2017-09-10 13:57:48', '2017-09-10 13:57:49');
INSERT INTO `b_slide_show` VALUES (141, '金秋活动第二期', '01', '1', '2017-09-10 13:57:43', '2017-09-10 13:57:44', 1, '2017-09-10 13:57:48', '2017-09-10 13:57:49');
INSERT INTO `b_slide_show` VALUES (142, '金秋活动第二期', '01', '1', '2017-09-10 13:57:43', '2017-09-10 13:57:44', 1, '2017-09-10 13:57:48', '2017-09-10 13:57:49');
INSERT INTO `b_slide_show` VALUES (143, '金秋活动第二期', '01', '1', '2017-09-10 13:57:43', '2017-09-10 13:57:44', 1, '2017-09-10 13:57:48', '2017-09-10 13:57:49');
INSERT INTO `b_slide_show` VALUES (144, '金秋活动第二期', '01', '1', '2017-09-10 13:57:43', '2017-09-10 13:57:44', 1, '2017-09-10 13:57:48', '2017-09-10 13:57:49');
INSERT INTO `b_slide_show` VALUES (145, '金秋活动第二期', '01', '1', '2017-09-10 13:57:43', '2017-09-10 13:57:44', 1, '2017-09-10 13:57:48', '2017-09-10 13:57:49');
INSERT INTO `b_slide_show` VALUES (146, '金秋活动第二期', '01', '1', '2017-09-10 13:57:43', '2017-09-10 13:57:44', 1, '2017-09-10 13:57:48', '2017-09-10 13:57:49');
INSERT INTO `b_slide_show` VALUES (147, '金秋活动第二期', '01', '1', '2017-09-10 13:57:43', '2017-09-10 13:57:44', 1, '2017-09-10 13:57:48', '2017-09-10 13:57:49');
INSERT INTO `b_slide_show` VALUES (148, '金秋活动第二期', '01', '1', '2017-09-10 13:57:43', '2017-09-10 13:57:44', 1, '2017-09-10 13:57:48', '2017-09-10 13:57:49');
INSERT INTO `b_slide_show` VALUES (149, '金秋活动第二期', '01', '1', '2017-09-10 13:57:43', '2017-09-10 13:57:44', 1, '2017-09-10 13:57:48', '2017-09-10 13:57:49');
INSERT INTO `b_slide_show` VALUES (150, '金秋活动第二期', '01', '1', '2017-09-10 13:57:43', '2017-09-10 13:57:44', 1, '2017-09-10 13:57:48', '2017-09-10 13:57:49');
INSERT INTO `b_slide_show` VALUES (262126, '金秋活动第二期', '01', '1', '2017-09-10 13:57:43', '2017-09-10 13:57:44', 1, '2017-09-10 13:57:48', '2017-09-10 13:57:49');
INSERT INTO `b_slide_show` VALUES (262127, '金秋活动第二期', '01', '1', '2017-09-10 13:57:43', '2017-09-10 13:57:44', 1, '2017-09-10 13:57:48', '2017-09-10 13:57:49');
INSERT INTO `b_slide_show` VALUES (262128, '金秋活动第二期', '01', '1', '2017-09-10 13:57:43', '2017-09-10 13:57:44', 1, '2017-09-10 13:57:48', '2017-09-10 13:57:49');
INSERT INTO `b_slide_show` VALUES (262129, '金秋活动第二期', '01', '1', '2017-09-10 13:57:43', '2017-09-10 13:57:44', 1, '2017-09-10 13:57:48', '2017-09-10 13:57:49');
INSERT INTO `b_slide_show` VALUES (262130, '金秋活动第二期', '01', '1', '2017-09-10 13:57:43', '2017-09-10 13:57:44', 1, '2017-09-10 13:57:48', '2017-09-10 13:57:49');
INSERT INTO `b_slide_show` VALUES (262131, '金秋活动第二期', '01', '1', '2017-09-10 13:57:43', '2017-09-10 13:57:44', 1, '2017-09-10 13:57:48', '2017-09-10 13:57:49');
INSERT INTO `b_slide_show` VALUES (262132, '金秋活动第二期', '01', '1', '2017-09-10 13:57:43', '2017-09-10 13:57:44', 1, '2017-09-10 13:57:48', '2017-09-10 13:57:49');
INSERT INTO `b_slide_show` VALUES (262133, '金秋活动第二期', '01', '1', '2017-09-10 13:57:43', '2017-09-10 13:57:44', 1, '2017-09-10 13:57:48', '2017-09-10 13:57:49');
INSERT INTO `b_slide_show` VALUES (262134, '金秋活动第二期', '01', '1', '2017-09-10 13:57:43', '2017-09-10 13:57:44', 1, '2017-09-10 13:57:48', '2017-09-10 13:57:49');
INSERT INTO `b_slide_show` VALUES (262135, '金秋活动第二期', '01', '1', '2017-09-10 13:57:43', '2017-09-10 13:57:44', 1, '2017-09-10 13:57:48', '2017-09-10 13:57:49');
INSERT INTO `b_slide_show` VALUES (262136, '金秋活动第二期', '01', '1', '2017-09-10 13:57:43', '2017-09-10 13:57:44', 1, '2017-09-10 13:57:48', '2017-09-10 13:57:49');
INSERT INTO `b_slide_show` VALUES (262137, '金秋活动第二期', '01', '1', '2017-09-10 13:57:43', '2017-09-10 13:57:44', 1, '2017-09-10 13:57:48', '2017-09-10 13:57:49');
INSERT INTO `b_slide_show` VALUES (262138, '金秋活动第二期', '01', '1', '2017-09-10 13:57:43', '2017-09-10 13:57:44', 1, '2017-09-10 13:57:48', '2017-09-10 13:57:49');
INSERT INTO `b_slide_show` VALUES (262139, '金秋活动第二期', '01', '1', '2017-09-10 13:57:43', '2017-09-10 13:57:44', 1, '2017-09-10 13:57:48', '2017-09-10 13:57:49');
INSERT INTO `b_slide_show` VALUES (262140, '金秋活动第二期', '01', '1', '2017-09-10 13:57:43', '2017-09-10 13:57:44', 1, '2017-09-10 13:57:48', '2017-09-10 13:57:49');
INSERT INTO `b_slide_show` VALUES (262141, '金秋活动第二期', '01', '1', '2017-09-10 13:57:43', '2017-09-10 13:57:44', 1, '2017-09-10 13:57:48', '2017-09-10 13:57:49');
INSERT INTO `b_slide_show` VALUES (262142, '金秋活动第二期', '01', '1', '2017-09-10 13:57:43', '2017-09-10 13:57:44', 1, '2017-09-10 13:57:48', '2017-09-10 13:57:49');
INSERT INTO `b_slide_show` VALUES (262143, '金秋活动第二期', '01', '1', '2017-09-10 13:57:43', '2017-09-10 13:57:44', 1, '2017-09-10 13:57:48', '2017-09-10 13:57:49');
INSERT INTO `b_slide_show` VALUES (262144, '金秋活动第二期', '01', '1', '2017-09-10 13:57:43', '2017-09-10 13:57:44', 1, '2017-09-10 13:57:48', '2017-09-10 13:57:49');
INSERT INTO `b_slide_show` VALUES (262145, '金秋活动第二期', '01', '1', '2017-09-10 13:57:43', '2017-09-10 13:57:44', 1, '2017-09-10 13:57:48', '2017-09-10 13:57:49');
INSERT INTO `b_slide_show` VALUES (262146, '金秋活动第二期', '01', '1', '2017-09-10 13:57:43', '2017-09-10 13:57:44', 1, '2017-09-10 13:57:48', '2017-09-10 13:57:49');
INSERT INTO `b_slide_show` VALUES (262147, '金秋活动第二期', '01', '1', '2017-09-10 13:57:43', '2017-09-10 13:57:44', 1, '2017-09-10 13:57:48', '2017-09-10 13:57:49');
INSERT INTO `b_slide_show` VALUES (262148, '金秋活动第二期', '01', '1', '2017-09-10 13:57:43', '2017-09-10 13:57:44', 1, '2017-09-10 13:57:48', '2017-09-10 13:57:49');
INSERT INTO `b_slide_show` VALUES (262149, '金秋活动第二期', '01', '1', '2017-09-10 13:57:43', '2017-09-10 13:57:44', 1, '2017-09-10 13:57:48', '2017-09-10 13:57:49');
INSERT INTO `b_slide_show` VALUES (262150, '金秋活动第二期', '01', '1', '2017-09-10 13:57:43', '2017-09-10 13:57:44', 1, '2017-09-10 13:57:48', '2017-09-10 13:57:49');
INSERT INTO `b_slide_show` VALUES (262151, '金秋活动第二期', '01', '1', '2017-09-10 13:57:43', '2017-09-10 13:57:44', 1, '2017-09-10 13:57:48', '2017-09-10 13:57:49');
INSERT INTO `b_slide_show` VALUES (262152, '金秋活动第二期', '01', '1', '2017-09-10 13:57:43', '2017-09-10 13:57:44', 1, '2017-09-10 13:57:48', '2017-09-10 13:57:49');
INSERT INTO `b_slide_show` VALUES (262153, '金秋活动第二期', '01', '1', '2017-09-10 13:57:43', '2017-09-10 13:57:44', 1, '2017-09-10 13:57:48', '2017-09-10 13:57:49');
INSERT INTO `b_slide_show` VALUES (262154, '金秋活动第二期', '01', '1', '2017-09-10 13:57:43', '2017-09-10 13:57:44', 1, '2017-09-10 13:57:48', '2017-09-10 13:57:49');
INSERT INTO `b_slide_show` VALUES (262155, '金秋活动第二期', '01', '1', '2017-09-10 13:57:43', '2017-09-10 13:57:44', 1, '2017-09-10 13:57:48', '2017-09-10 13:57:49');
INSERT INTO `b_slide_show` VALUES (262156, '金秋活动第二期', '01', '1', '2017-09-10 13:57:43', '2017-09-10 13:57:44', 1, '2017-09-10 13:57:48', '2017-09-10 13:57:49');
INSERT INTO `b_slide_show` VALUES (262157, '金秋活动第二期', '01', '1', '2017-09-10 13:57:43', '2017-09-10 13:57:44', 1, '2017-09-10 13:57:48', '2017-09-10 13:57:49');
INSERT INTO `b_slide_show` VALUES (262158, '金秋活动第二期', '01', '1', '2017-09-10 13:57:43', '2017-09-10 13:57:44', 1, '2017-09-10 13:57:48', '2017-09-10 13:57:49');
INSERT INTO `b_slide_show` VALUES (262159, '金秋活动第二期', '01', '1', '2017-09-10 13:57:43', '2017-09-10 13:57:44', 1, '2017-09-10 13:57:48', '2017-09-10 13:57:49');
INSERT INTO `b_slide_show` VALUES (262160, '金秋活动第二期', '01', '1', '2017-09-10 13:57:43', '2017-09-10 13:57:44', 1, '2017-09-10 13:57:48', '2017-09-10 13:57:49');
INSERT INTO `b_slide_show` VALUES (262161, '金秋活动第二期', '01', '1', '2017-09-10 13:57:43', '2017-09-10 13:57:44', 1, '2017-09-10 13:57:48', '2017-09-10 13:57:49');
INSERT INTO `b_slide_show` VALUES (262162, '金秋活动第二期', '01', '1', '2017-09-10 13:57:43', '2017-09-10 13:57:44', 1, '2017-09-10 13:57:48', '2017-09-10 13:57:49');
INSERT INTO `b_slide_show` VALUES (262163, '金秋活动第二期', '01', '1', '2017-09-10 13:57:43', '2017-09-10 13:57:44', 1, '2017-09-10 13:57:48', '2017-09-10 13:57:49');
INSERT INTO `b_slide_show` VALUES (262164, '金秋活动第二期', '01', '1', '2017-09-10 13:57:43', '2017-09-10 13:57:44', 1, '2017-09-10 13:57:48', '2017-09-10 13:57:49');
INSERT INTO `b_slide_show` VALUES (262165, '金秋活动第二期', '01', '1', '2017-09-10 13:57:43', '2017-09-10 13:57:44', 1, '2017-09-10 13:57:48', '2017-09-10 13:57:49');
INSERT INTO `b_slide_show` VALUES (262166, '金秋活动第二期', '01', '1', '2017-09-10 13:57:43', '2017-09-10 13:57:44', 1, '2017-09-10 13:57:48', '2017-09-10 13:57:49');
INSERT INTO `b_slide_show` VALUES (262167, '金秋活动第二期', '01', '1', '2017-09-10 13:57:43', '2017-09-10 13:57:44', 1, '2017-09-10 13:57:48', '2017-09-10 13:57:49');
INSERT INTO `b_slide_show` VALUES (262168, '金秋活动第二期', '01', '1', '2017-09-10 13:57:43', '2017-09-10 13:57:44', 1, '2017-09-10 13:57:48', '2017-09-10 13:57:49');
INSERT INTO `b_slide_show` VALUES (262169, '金秋活动第二期', '01', '1', '2017-09-10 13:57:43', '2017-09-10 13:57:44', 1, '2017-09-10 13:57:48', '2017-09-10 13:57:49');
INSERT INTO `b_slide_show` VALUES (262170, '金秋活动第二期', '01', '1', '2017-09-10 13:57:43', '2017-09-10 13:57:44', 1, '2017-09-10 13:57:48', '2017-09-10 13:57:49');
INSERT INTO `b_slide_show` VALUES (262171, '金秋活动第二期', '01', '1', '2017-09-10 13:57:43', '2017-09-10 13:57:44', 1, '2017-09-10 13:57:48', '2017-09-10 13:57:49');
INSERT INTO `b_slide_show` VALUES (262172, '金秋活动第二期', '01', '1', '2017-09-10 13:57:43', '2017-09-10 13:57:44', 1, '2017-09-10 13:57:48', '2017-09-10 13:57:49');
INSERT INTO `b_slide_show` VALUES (262173, '金秋活动第二期', '01', '1', '2017-09-10 13:57:43', '2017-09-10 13:57:44', 1, '2017-09-10 13:57:48', '2017-09-10 13:57:49');
INSERT INTO `b_slide_show` VALUES (262174, '金秋活动第二期', '01', '1', '2017-09-10 13:57:43', '2017-09-10 13:57:44', 1, '2017-09-10 13:57:48', '2017-09-10 13:57:49');
INSERT INTO `b_slide_show` VALUES (262175, '金秋活动第二期', '01', '1', '2017-09-10 13:57:43', '2017-09-10 13:57:44', 1, '2017-09-10 13:57:48', '2017-09-10 13:57:49');
INSERT INTO `b_slide_show` VALUES (262176, '金秋活动第二期', '01', '1', '2017-09-10 13:57:43', '2017-09-10 13:57:44', 1, '2017-09-10 13:57:48', '2017-09-10 13:57:49');
INSERT INTO `b_slide_show` VALUES (262177, '金秋活动第二期', '01', '1', '2017-09-10 13:57:43', '2017-09-10 13:57:44', 1, '2017-09-10 13:57:48', '2017-09-10 13:57:49');
INSERT INTO `b_slide_show` VALUES (262178, '金秋活动第二期', '01', '1', '2017-09-10 13:57:43', '2017-09-10 13:57:44', 1, '2017-09-10 13:57:48', '2017-09-10 13:57:49');
INSERT INTO `b_slide_show` VALUES (262179, '金秋活动第二期', '01', '1', '2017-09-10 13:57:43', '2017-09-10 13:57:44', 1, '2017-09-10 13:57:48', '2017-09-10 13:57:49');
INSERT INTO `b_slide_show` VALUES (262180, '金秋活动第二期', '01', '1', '2017-09-10 13:57:43', '2017-09-10 13:57:44', 1, '2017-09-10 13:57:48', '2017-09-10 13:57:49');
INSERT INTO `b_slide_show` VALUES (262181, '金秋活动第二期', '01', '1', '2017-09-10 13:57:43', '2017-09-10 13:57:44', 1, '2017-09-10 13:57:48', '2017-09-10 13:57:49');
INSERT INTO `b_slide_show` VALUES (262182, '金秋活动第二期', '01', '1', '2017-09-10 13:57:43', '2017-09-10 13:57:44', 1, '2017-09-10 13:57:48', '2017-09-10 13:57:49');
INSERT INTO `b_slide_show` VALUES (262183, '金秋活动第二期', '01', '1', '2017-09-10 13:57:43', '2017-09-10 13:57:44', 1, '2017-09-10 13:57:48', '2017-09-10 13:57:49');
INSERT INTO `b_slide_show` VALUES (262184, '金秋活动第二期', '01', '1', '2017-09-10 13:57:43', '2017-09-10 13:57:44', 1, '2017-09-10 13:57:48', '2017-09-10 13:57:49');
INSERT INTO `b_slide_show` VALUES (262185, '金秋活动第二期', '01', '1', '2017-09-10 13:57:43', '2017-09-10 13:57:44', 1, '2017-09-10 13:57:48', '2017-09-10 13:57:49');
INSERT INTO `b_slide_show` VALUES (262186, '金秋活动第二期', '01', '1', '2017-09-10 13:57:43', '2017-09-10 13:57:44', 1, '2017-09-10 13:57:48', '2017-09-10 13:57:49');
INSERT INTO `b_slide_show` VALUES (262187, '金秋活动第二期', '01', '1', '2017-09-10 13:57:43', '2017-09-10 13:57:44', 1, '2017-09-10 13:57:48', '2017-09-10 13:57:49');
INSERT INTO `b_slide_show` VALUES (262188, '金秋活动第二期', '01', '1', '2017-09-10 13:57:43', '2017-09-10 13:57:44', 1, '2017-09-10 13:57:48', '2017-09-10 13:57:49');
INSERT INTO `b_slide_show` VALUES (262189, '金秋活动第二期', '01', '1', '2017-09-10 13:57:43', '2017-09-10 13:57:44', 1, '2017-09-10 13:57:48', '2017-09-10 13:57:49');
INSERT INTO `b_slide_show` VALUES (262190, '金秋活动第二期', '01', '1', '2017-09-10 13:57:43', '2017-09-10 13:57:44', 1, '2017-09-10 13:57:48', '2017-09-10 13:57:49');
INSERT INTO `b_slide_show` VALUES (262191, '金秋活动第二期', '01', '1', '2017-09-10 13:57:43', '2017-09-10 13:57:44', 1, '2017-09-10 13:57:48', '2017-09-10 13:57:49');
INSERT INTO `b_slide_show` VALUES (262192, '金秋活动第二期', '01', '1', '2017-09-10 13:57:43', '2017-09-10 13:57:44', 1, '2017-09-10 13:57:48', '2017-09-10 13:57:49');
INSERT INTO `b_slide_show` VALUES (262193, '金秋活动第二期', '01', '1', '2017-09-10 13:57:43', '2017-09-10 13:57:44', 1, '2017-09-10 13:57:48', '2017-09-10 13:57:49');
INSERT INTO `b_slide_show` VALUES (262194, '金秋活动第二期', '01', '1', '2017-09-10 13:57:43', '2017-09-10 13:57:44', 1, '2017-09-10 13:57:48', '2017-09-10 13:57:49');
INSERT INTO `b_slide_show` VALUES (262195, '金秋活动第二期', '01', '1', '2017-09-10 13:57:43', '2017-09-10 13:57:44', 1, '2017-09-10 13:57:48', '2017-09-10 13:57:49');
INSERT INTO `b_slide_show` VALUES (262196, '金秋活动第二期', '01', '1', '2017-09-10 13:57:43', '2017-09-10 13:57:44', 1, '2017-09-10 13:57:48', '2017-09-10 13:57:49');
INSERT INTO `b_slide_show` VALUES (262197, '金秋活动第二期', '01', '1', '2017-09-10 13:57:43', '2017-09-10 13:57:44', 1, '2017-09-10 13:57:48', '2017-09-10 13:57:49');
INSERT INTO `b_slide_show` VALUES (262198, '金秋活动第二期', '01', '1', '2017-09-10 13:57:43', '2017-09-10 13:57:44', 1, '2017-09-10 13:57:48', '2017-09-10 13:57:49');
INSERT INTO `b_slide_show` VALUES (262199, '金秋活动第二期', '01', '1', '2017-09-10 13:57:43', '2017-09-10 13:57:44', 1, '2017-09-10 13:57:48', '2017-09-10 13:57:49');
INSERT INTO `b_slide_show` VALUES (262200, '金秋活动第二期', '01', '1', '2017-09-10 13:57:43', '2017-09-10 13:57:44', 1, '2017-09-10 13:57:48', '2017-09-10 13:57:49');
INSERT INTO `b_slide_show` VALUES (262201, '金秋活动第二期', '01', '1', '2017-09-10 13:57:43', '2017-09-10 13:57:44', 1, '2017-09-10 13:57:48', '2017-09-10 13:57:49');
INSERT INTO `b_slide_show` VALUES (262202, '金秋活动第二期', '01', '1', '2017-09-10 13:57:43', '2017-09-10 13:57:44', 1, '2017-09-10 13:57:48', '2017-09-10 13:57:49');
INSERT INTO `b_slide_show` VALUES (262203, '金秋活动第二期', '01', '1', '2017-09-10 13:57:43', '2017-09-10 13:57:44', 1, '2017-09-10 13:57:48', '2017-09-10 13:57:49');
INSERT INTO `b_slide_show` VALUES (262204, '金秋活动第二期', '01', '1', '2017-09-10 13:57:43', '2017-09-10 13:57:44', 1, '2017-09-10 13:57:48', '2017-09-10 13:57:49');
INSERT INTO `b_slide_show` VALUES (262205, '金秋活动第二期', '01', '1', '2017-09-10 13:57:43', '2017-09-10 13:57:44', 1, '2017-09-10 13:57:48', '2017-09-10 13:57:49');
INSERT INTO `b_slide_show` VALUES (262206, '金秋活动第二期', '01', '1', '2017-09-10 13:57:43', '2017-09-10 13:57:44', 1, '2017-09-10 13:57:48', '2017-09-10 13:57:49');
INSERT INTO `b_slide_show` VALUES (262207, '金秋活动第二期', '01', '1', '2017-09-10 13:57:43', '2017-09-10 13:57:44', 1, '2017-09-10 13:57:48', '2017-09-10 13:57:49');
INSERT INTO `b_slide_show` VALUES (262208, '金秋活动第二期', '01', '1', '2017-09-10 13:57:43', '2017-09-10 13:57:44', 1, '2017-09-10 13:57:48', '2017-09-10 13:57:49');
INSERT INTO `b_slide_show` VALUES (262209, '金秋活动第二期', '01', '1', '2017-09-10 13:57:43', '2017-09-10 13:57:44', 1, '2017-09-10 13:57:48', '2017-09-10 13:57:49');
INSERT INTO `b_slide_show` VALUES (262210, '金秋活动第二期', '01', '1', '2017-09-10 13:57:43', '2017-09-10 13:57:44', 1, '2017-09-10 13:57:48', '2017-09-10 13:57:49');
INSERT INTO `b_slide_show` VALUES (262211, '金秋活动第二期', '01', '1', '2017-09-10 13:57:43', '2017-09-10 13:57:44', 1, '2017-09-10 13:57:48', '2017-09-10 13:57:49');
INSERT INTO `b_slide_show` VALUES (262212, '金秋活动第二期', '01', '1', '2017-09-10 13:57:43', '2017-09-10 13:57:44', 1, '2017-09-10 13:57:48', '2017-09-10 13:57:49');
INSERT INTO `b_slide_show` VALUES (262213, '金秋活动第二期', '01', '1', '2017-09-10 13:57:43', '2017-09-10 13:57:44', 1, '2017-09-10 13:57:48', '2017-09-10 13:57:49');
INSERT INTO `b_slide_show` VALUES (262214, '金秋活动第二期', '01', '1', '2017-09-10 13:57:43', '2017-09-10 13:57:44', 1, '2017-09-10 13:57:48', '2017-09-10 13:57:49');
INSERT INTO `b_slide_show` VALUES (262215, '金秋活动第二期', '01', '1', '2017-09-10 13:57:43', '2017-09-10 13:57:44', 1, '2017-09-10 13:57:48', '2017-09-10 13:57:49');
INSERT INTO `b_slide_show` VALUES (262216, '金秋活动第二期', '01', '1', '2017-09-10 13:57:43', '2017-09-10 13:57:44', 1, '2017-09-10 13:57:48', '2017-09-10 13:57:49');
INSERT INTO `b_slide_show` VALUES (262217, '金秋活动第二期', '01', '1', '2017-09-10 13:57:43', '2017-09-10 13:57:44', 1, '2017-09-10 13:57:48', '2017-09-10 13:57:49');
INSERT INTO `b_slide_show` VALUES (262218, '金秋活动第二期', '01', '1', '2017-09-10 13:57:43', '2017-09-10 13:57:44', 1, '2017-09-10 13:57:48', '2017-09-10 13:57:49');
INSERT INTO `b_slide_show` VALUES (262219, '阿达', '11', 'http://localhost:9500/p2p-admin/upload/1.png', '2017-10-05 16:14:47', '2017-10-05 16:14:47', 1, '2017-10-05 16:14:47', '2017-10-05 16:14:47');
INSERT INTO `b_slide_show` VALUES (262220, '上大三的', '111', 'http://localhost:9500/p2p-admin/upload/1.png', '2017-10-05 16:17:45', '2017-10-05 16:17:45', 1, '2017-10-05 16:17:45', '2017-10-05 16:17:45');
INSERT INTO `b_slide_show` VALUES (262221, '上大三的', '111', 'http://localhost:9500/p2p-admin/upload/1.png', '2017-10-05 16:57:24', '2017-10-05 16:57:24', 1, '2017-10-05 16:57:24', '2017-10-05 16:57:24');
INSERT INTO `b_slide_show` VALUES (262222, '阿达', '111', 'http://localhost:9500/p2p-admin/upload/1.png', '2017-10-05 17:08:16', '2017-10-05 17:08:16', 1, '2017-10-05 17:08:16', '2017-10-05 17:08:16');
INSERT INTO `b_slide_show` VALUES (262223, '阿达', '11', 'http://localhost:9500/p2p-admin/upload/1.png', '2017-10-05 17:09:33', '2017-10-05 17:09:33', 1, '2017-10-05 17:09:33', '2017-10-05 17:09:33');
INSERT INTO `b_slide_show` VALUES (262224, '上大三的', '111', 'http://localhost:9500/p2p-admin/upload/1.png', '2017-10-05 17:12:11', '2017-10-05 17:12:11', 1, '2017-10-05 17:12:11', '2017-10-05 17:12:11');
INSERT INTO `b_slide_show` VALUES (262225, '上大三的', 'http://www.so.com', 'http://192.168.230.128/group1/M00/00/00/wKjmgFnspVSAQpVTAADi9x_dBU0283.png', '2017-10-22 22:04:24', '2017-10-22 22:04:24', 2, '2017-10-22 22:04:24', '2017-10-22 22:04:24');
INSERT INTO `b_slide_show` VALUES (262226, '金秋活动第二期', '01', 'http://192.168.230.128/group1/M00/00/00/wKjmgFnsqG6AA7M8AAAt-Dvct58292.png', '2017-10-22 22:17:26', '2017-10-22 22:17:26', 1, '2017-10-22 22:17:26', '2017-10-22 22:17:26');
INSERT INTO `b_slide_show` VALUES (262227, '金秋活动第二期', '01', 'http://192.168.230.128/group1/M00/00/00/wKjmgFnsqQuAfEdHAAAt-Dvct58827.png', '2017-10-22 22:20:02', '2017-10-22 22:20:02', 1, '2017-10-22 22:20:02', '2017-10-22 22:20:02');
INSERT INTO `b_slide_show` VALUES (262228, '金秋活动第二期', '01', 'http://192.168.230.128/group1/M00/00/00/wKjmgFnsqS-AXyaoAAAt-Dvct58252.png', '2017-10-22 22:20:38', '2017-10-22 22:20:38', 1, '2017-10-22 22:20:38', '2017-10-22 22:20:38');
INSERT INTO `b_slide_show` VALUES (262229, '金秋活动第二期', '01', 'http://192.168.230.128/group1/M00/00/00/wKjmgFnsqa-ACij2AAAt-Dvct58172.png', '2017-10-22 22:22:46', '2017-10-22 22:22:46', 1, '2017-10-22 22:22:46', '2017-10-22 22:22:46');
INSERT INTO `b_slide_show` VALUES (262230, '金秋活动第二期', '01', 'http://192.168.230.128/group1/M00/00/00/wKjmgFnsqeSAKM2mAAAt-Dvct58799.png', '2017-10-22 22:24:03', '2017-10-22 22:24:03', 1, '2017-10-22 22:24:03', '2017-10-22 22:24:03');
INSERT INTO `b_slide_show` VALUES (262231, '金秋活动第二期', '01', 'http://192.168.230.128/group1/M00/00/00/wKjmgFnsqoeALzisAADi9x_dBU0226.png', '2017-10-22 22:26:34', '2017-10-22 22:26:34', 2, '2017-10-22 22:26:34', '2017-10-22 22:26:34');
INSERT INTO `b_slide_show` VALUES (262232, '金秋活动第二期', '01', 'http://192.168.230.128/group1/M00/00/00/wKjmgFnsqsGAMzsDAAAt-Dvct58379.png', '2017-10-22 22:27:27', '2017-10-22 22:27:27', 1, '2017-10-22 22:27:27', '2017-10-22 22:27:27');

-- ----------------------------
-- Table structure for u_org_info
-- ----------------------------
DROP TABLE IF EXISTS `u_org_info`;
CREATE TABLE `u_org_info`  (
  `id` int(11) NOT NULL AUTO_INCREMENT,
  `orgName` varchar(50) CHARACTER SET utf8 COLLATE utf8_general_ci DEFAULT NULL,
  `pid` int(11) DEFAULT NULL COMMENT '父ID',
  PRIMARY KEY (`id`) USING BTREE
) ENGINE = InnoDB AUTO_INCREMENT = 15 CHARACTER SET = utf8 COLLATE = utf8_general_ci ROW_FORMAT = Dynamic;

-- ----------------------------
-- Records of u_org_info
-- ----------------------------
INSERT INTO `u_org_info` VALUES (1, '技术研发中心', 0);
INSERT INTO `u_org_info` VALUES (2, '网站研发部', 1);
INSERT INTO `u_org_info` VALUES (3, '移动研发部', 1);
INSERT INTO `u_org_info` VALUES (4, '质量保障部', 1);
INSERT INTO `u_org_info` VALUES (5, '网络运维部', 1);
INSERT INTO `u_org_info` VALUES (6, '产品研究中心', 0);
INSERT INTO `u_org_info` VALUES (7, '网站产品部', 6);
INSERT INTO `u_org_info` VALUES (8, '移动产品部', 6);
INSERT INTO `u_org_info` VALUES (9, '用户体验部', 6);
INSERT INTO `u_org_info` VALUES (10, '界面设计部', 6);
INSERT INTO `u_org_info` VALUES (11, '产品运营中心', 0);
INSERT INTO `u_org_info` VALUES (12, '债权运营部', 11);
INSERT INTO `u_org_info` VALUES (13, '市场运营部', 11);
INSERT INTO `u_org_info` VALUES (14, '媒体运营部', 11);

-- ----------------------------
-- Table structure for u_permission_info
-- ----------------------------
DROP TABLE IF EXISTS `u_permission_info`;
CREATE TABLE `u_permission_info`  (
  `id` int(11) NOT NULL AUTO_INCREMENT COMMENT '主键',
  `name` varchar(128) CHARACTER SET utf8 COLLATE utf8_general_ci NOT NULL COMMENT '资源名称',
  `type` varchar(32) CHARACTER SET utf8 COLLATE utf8_general_ci NOT NULL COMMENT '资源类型：menu,button',
  `url` varchar(128) CHARACTER SET utf8 COLLATE utf8_general_ci DEFAULT NULL COMMENT '访问url地址',
  `code` varchar(128) CHARACTER SET utf8 COLLATE utf8_general_ci DEFAULT NULL COMMENT '权限代码字符串',
  `parentid` int(11) DEFAULT NULL COMMENT '父结点id',
  `sort` double(2, 1) DEFAULT NULL COMMENT '排序号',
  `available` int(1) DEFAULT NULL COMMENT '是否可用，1可用，0不可用',
  PRIMARY KEY (`id`) USING BTREE
) ENGINE = InnoDB AUTO_INCREMENT = 47 CHARACTER SET = utf8 COLLATE = utf8_general_ci ROW_FORMAT = Dynamic;

-- ----------------------------
-- Records of u_permission_info
-- ----------------------------
INSERT INTO `u_permission_info` VALUES (1, '管理面板', 'menu', NULL, 'manage', 0, 0.0, 1);
INSERT INTO `u_permission_info` VALUES (2, '产品管理', 'menu', NULL, 'product', 1, 1.0, 1);
INSERT INTO `u_permission_info` VALUES (3, '优选产品', 'menu', '/admin/product?productType=1', 'product-youxuan', 2, 1.1, 1);
INSERT INTO `u_permission_info` VALUES (4, '优选产品-添加', 'button', '/admin/toAddProduct?productType=1', 'product-youxuan-add', 3, NULL, 1);
INSERT INTO `u_permission_info` VALUES (5, '优选产品-删除', 'button', '/admin/toDeleteProduct', 'product-youxuan-delete', 3, NULL, 1);
INSERT INTO `u_permission_info` VALUES (6, '优选产品-修改', 'button', '/admin/toEditProduct', 'product-youxuan-update', 3, NULL, 1);
INSERT INTO `u_permission_info` VALUES (7, '优选产品-查询', 'button', '/admin/product?productType=1', 'product-youxuan-query', 3, NULL, 1);
INSERT INTO `u_permission_info` VALUES (8, '散标产品', 'menu', '/admin/product?productType=2', 'product-sanbiao', 2, 1.2, 1);
INSERT INTO `u_permission_info` VALUES (9, '散标产品-添加', 'button', '/admin/toAddProduct', 'product-sanbiao-add', 8, NULL, 1);
INSERT INTO `u_permission_info` VALUES (10, '散标产品-删除', 'button', '/admin/toDeleteProduct', 'product-sanbiao-delete', 8, NULL, 1);
INSERT INTO `u_permission_info` VALUES (11, '散标产品-修改', 'button', '/admin/toEditProduct', 'product-sanbiao-update', 8, NULL, 1);
INSERT INTO `u_permission_info` VALUES (12, '散标产品-查询', 'button', '/admin/product?productType=2', 'product-sanbiao-query', 8, NULL, 1);
INSERT INTO `u_permission_info` VALUES (13, '体验产品', 'menu', '/admin/product?productType=0', 'product-tiyan', 2, 1.3, 1);
INSERT INTO `u_permission_info` VALUES (14, '体验产品-添加', 'button', '/admin/toAddProduct?productType=1', 'product-tiyan-add', 13, NULL, 1);
INSERT INTO `u_permission_info` VALUES (15, '体验产品-删除', 'button', '/admin/toDeleteProduct', 'product-tiyan-delete', 13, NULL, 1);
INSERT INTO `u_permission_info` VALUES (16, '体验产品-修改', 'button', '/admin/toEditProduct', 'product-tiyan-update', 13, NULL, 1);
INSERT INTO `u_permission_info` VALUES (17, '体验产品-查询', 'button', '/admin/product?productType=0', 'product-tiyan-query', 13, NULL, 1);
INSERT INTO `u_permission_info` VALUES (18, '债权管理', 'menu', NULL, 'rights', 1, 2.0, 1);
INSERT INTO `u_permission_info` VALUES (19, '自主债权', 'menu', '/admin/creditorRights?creditorRightsType=0', 'rights-zizhu', 18, 2.1, 1);
INSERT INTO `u_permission_info` VALUES (20, '自主债权-添加', 'button', '/admin/toAddCreditorRights', 'rights-zizhu-add', 19, NULL, 1);
INSERT INTO `u_permission_info` VALUES (21, '自主债权-删除', 'button', '/admin/deleteCreditorRights', 'rights-zizhu-delete', 19, NULL, 1);
INSERT INTO `u_permission_info` VALUES (22, '自主债权-修改', 'button', '/admin/toEditCreditorRights', 'rights-zizhu-update', 19, NULL, 1);
INSERT INTO `u_permission_info` VALUES (23, '自主债权-查询', 'button', '/admin/creditorRights?creditorRightsType=0', 'rights-zizhu-query', 19, NULL, 1);
INSERT INTO `u_permission_info` VALUES (24, '三方债权', 'menu', '/admin/creditorRights?creditorRightsType=1', 'rights-sanfang', 18, 2.2, 1);
INSERT INTO `u_permission_info` VALUES (25, '三方债权-添加', 'button', '/admin/toAddCreditorRights', 'rights-sanfang-add', 24, NULL, 1);
INSERT INTO `u_permission_info` VALUES (26, '三方债权-删除', 'button', '/admin/deleteCreditorRights', 'rights-sanfang-delete', 24, NULL, 1);
INSERT INTO `u_permission_info` VALUES (27, '三方债权-修改', 'button', '/admin/toEditCreditorRights', 'rights-sanfang-update', 24, NULL, 1);
INSERT INTO `u_permission_info` VALUES (28, '三方债权-查询', 'button', '/admin/creditorRights?creditorRightsType=1', 'rights-sanfang-query', 24, NULL, 1);
INSERT INTO `u_permission_info` VALUES (29, '合同管理', 'menu', NULL, 'contract', 1, 3.0, 1);
INSERT INTO `u_permission_info` VALUES (30, '合同管理', 'menu', '/admin/contract', 'contract-contract', 29, 3.1, 1);
INSERT INTO `u_permission_info` VALUES (31, '合同管理-添加', 'button', NULL, 'contract-contract-add', 30, NULL, 1);
INSERT INTO `u_permission_info` VALUES (32, '合同管理-删除', 'button', NULL, 'contract-contract-delete', 30, NULL, 1);
INSERT INTO `u_permission_info` VALUES (33, '合同管理-修改', 'button', '/admin/updateContract', 'contract-contract-update', 30, NULL, 1);
INSERT INTO `u_permission_info` VALUES (34, '合同管理-查询', 'button', '/admin/contract', 'contract-contract-query', 30, NULL, 1);
INSERT INTO `u_permission_info` VALUES (35, '账户管理', 'menu', NULL, 'account', 1, 4.0, 1);
INSERT INTO `u_permission_info` VALUES (36, '账户管理', 'menu', '/admin/users', 'account-account', 35, 4.1, 1);
INSERT INTO `u_permission_info` VALUES (37, '账户管理-添加', 'button', '/admin/toAddUser', 'account-account-add', 36, NULL, 1);
INSERT INTO `u_permission_info` VALUES (38, '账户管理-删除', 'button', '/admin/toAddUser', 'account-account-delete', 36, NULL, 1);
INSERT INTO `u_permission_info` VALUES (39, '账户管理-修改', 'button', '/admin/toEditUser', 'account-account-update', 36, NULL, 1);
INSERT INTO `u_permission_info` VALUES (40, '账户管理-查询', 'button', '/admin/users', 'account-account-query', 36, NULL, 1);
INSERT INTO `u_permission_info` VALUES (41, '轮播图管理', 'menu', NULL, 'slideshow', 1, 5.0, 1);
INSERT INTO `u_permission_info` VALUES (42, '轮播图管理', 'menu', '/admin/slideShow', 'slideshow-slideshow', 41, 5.1, 1);
INSERT INTO `u_permission_info` VALUES (43, '轮播图管理-添加', 'button', '/admin/toAddSlideShow', 'slideshow-slideshow-add', 42, NULL, 1);
INSERT INTO `u_permission_info` VALUES (44, '轮播图管理-删除', 'button', '/admin/deleteSlideShow', 'slideshow-slideshow-delete', 42, NULL, 1);
INSERT INTO `u_permission_info` VALUES (45, '轮播图管理-修改', 'button', '/admin/toUpdateSlideShow', 'slideshow-slideshow-update', 42, NULL, 1);
INSERT INTO `u_permission_info` VALUES (46, '轮播图管理-查询', 'button', '/admin/slideShow', 'slideshow-slideshow-query', 42, NULL, 1);

-- ----------------------------
-- Table structure for u_role_info
-- ----------------------------
DROP TABLE IF EXISTS `u_role_info`;
CREATE TABLE `u_role_info`  (
  `id` int(11) NOT NULL AUTO_INCREMENT COMMENT '主键ID',
  `name` varchar(128) CHARACTER SET utf8 COLLATE utf8_general_ci NOT NULL COMMENT '角色名称',
  `available` int(1) DEFAULT NULL COMMENT '是否可用,1：可用，0不可用',
  PRIMARY KEY (`id`) USING BTREE
) ENGINE = InnoDB AUTO_INCREMENT = 4 CHARACTER SET = utf8 COLLATE = utf8_general_ci ROW_FORMAT = Dynamic;

-- ----------------------------
-- Records of u_role_info
-- ----------------------------
INSERT INTO `u_role_info` VALUES (1, '系统管理员', 1);
INSERT INTO `u_role_info` VALUES (2, '债权运营人员', 1);
INSERT INTO `u_role_info` VALUES (3, '市场运营人员', 1);

-- ----------------------------
-- Table structure for u_role_permission
-- ----------------------------
DROP TABLE IF EXISTS `u_role_permission`;
CREATE TABLE `u_role_permission`  (
  `id` int(11) NOT NULL AUTO_INCREMENT COMMENT '主键ID',
  `role_id` int(11) NOT NULL COMMENT '角色ID',
  `permission_id` int(11) NOT NULL COMMENT '权限ID',
  PRIMARY KEY (`id`) USING BTREE
) ENGINE = InnoDB AUTO_INCREMENT = 88 CHARACTER SET = utf8 COLLATE = utf8_general_ci ROW_FORMAT = Dynamic;

-- ----------------------------
-- Records of u_role_permission
-- ----------------------------
INSERT INTO `u_role_permission` VALUES (1, 1, 1);
INSERT INTO `u_role_permission` VALUES (2, 1, 2);
INSERT INTO `u_role_permission` VALUES (3, 1, 3);
INSERT INTO `u_role_permission` VALUES (4, 1, 4);
INSERT INTO `u_role_permission` VALUES (5, 1, 5);
INSERT INTO `u_role_permission` VALUES (6, 1, 6);
INSERT INTO `u_role_permission` VALUES (7, 1, 7);
INSERT INTO `u_role_permission` VALUES (8, 1, 8);
INSERT INTO `u_role_permission` VALUES (9, 1, 9);
INSERT INTO `u_role_permission` VALUES (10, 1, 10);
INSERT INTO `u_role_permission` VALUES (11, 1, 11);
INSERT INTO `u_role_permission` VALUES (12, 1, 12);
INSERT INTO `u_role_permission` VALUES (13, 1, 13);
INSERT INTO `u_role_permission` VALUES (14, 1, 14);
INSERT INTO `u_role_permission` VALUES (15, 1, 15);
INSERT INTO `u_role_permission` VALUES (16, 1, 16);
INSERT INTO `u_role_permission` VALUES (17, 1, 17);
INSERT INTO `u_role_permission` VALUES (18, 1, 18);
INSERT INTO `u_role_permission` VALUES (19, 1, 19);
INSERT INTO `u_role_permission` VALUES (20, 1, 20);
INSERT INTO `u_role_permission` VALUES (21, 1, 21);
INSERT INTO `u_role_permission` VALUES (22, 1, 22);
INSERT INTO `u_role_permission` VALUES (23, 1, 23);
INSERT INTO `u_role_permission` VALUES (24, 1, 24);
INSERT INTO `u_role_permission` VALUES (25, 1, 25);
INSERT INTO `u_role_permission` VALUES (26, 1, 26);
INSERT INTO `u_role_permission` VALUES (27, 1, 27);
INSERT INTO `u_role_permission` VALUES (28, 1, 28);
INSERT INTO `u_role_permission` VALUES (29, 1, 29);
INSERT INTO `u_role_permission` VALUES (30, 1, 30);
INSERT INTO `u_role_permission` VALUES (31, 1, 31);
INSERT INTO `u_role_permission` VALUES (32, 1, 32);
INSERT INTO `u_role_permission` VALUES (33, 1, 33);
INSERT INTO `u_role_permission` VALUES (34, 1, 34);
INSERT INTO `u_role_permission` VALUES (35, 1, 35);
INSERT INTO `u_role_permission` VALUES (36, 1, 36);
INSERT INTO `u_role_permission` VALUES (37, 1, 37);
INSERT INTO `u_role_permission` VALUES (38, 1, 38);
INSERT INTO `u_role_permission` VALUES (39, 1, 39);
INSERT INTO `u_role_permission` VALUES (40, 1, 40);
INSERT INTO `u_role_permission` VALUES (41, 1, 41);
INSERT INTO `u_role_permission` VALUES (42, 1, 42);
INSERT INTO `u_role_permission` VALUES (43, 1, 43);
INSERT INTO `u_role_permission` VALUES (44, 1, 44);
INSERT INTO `u_role_permission` VALUES (45, 1, 45);
INSERT INTO `u_role_permission` VALUES (46, 1, 46);
INSERT INTO `u_role_permission` VALUES (47, 2, 1);
INSERT INTO `u_role_permission` VALUES (48, 2, 2);
INSERT INTO `u_role_permission` VALUES (49, 2, 3);
INSERT INTO `u_role_permission` VALUES (50, 2, 44);
INSERT INTO `u_role_permission` VALUES (51, 2, 5);
INSERT INTO `u_role_permission` VALUES (52, 2, 6);
INSERT INTO `u_role_permission` VALUES (53, 2, 7);
INSERT INTO `u_role_permission` VALUES (54, 2, 8);
INSERT INTO `u_role_permission` VALUES (55, 2, 9);
INSERT INTO `u_role_permission` VALUES (56, 2, 10);
INSERT INTO `u_role_permission` VALUES (57, 2, 11);
INSERT INTO `u_role_permission` VALUES (58, 2, 12);
INSERT INTO `u_role_permission` VALUES (59, 2, 13);
INSERT INTO `u_role_permission` VALUES (60, 2, 14);
INSERT INTO `u_role_permission` VALUES (61, 2, 15);
INSERT INTO `u_role_permission` VALUES (62, 2, 16);
INSERT INTO `u_role_permission` VALUES (63, 2, 17);
INSERT INTO `u_role_permission` VALUES (64, 2, 18);
INSERT INTO `u_role_permission` VALUES (65, 2, 19);
INSERT INTO `u_role_permission` VALUES (66, 2, 20);
INSERT INTO `u_role_permission` VALUES (67, 2, 21);
INSERT INTO `u_role_permission` VALUES (68, 2, 22);
INSERT INTO `u_role_permission` VALUES (69, 2, 23);
INSERT INTO `u_role_permission` VALUES (70, 2, 24);
INSERT INTO `u_role_permission` VALUES (71, 2, 25);
INSERT INTO `u_role_permission` VALUES (72, 2, 26);
INSERT INTO `u_role_permission` VALUES (73, 2, 27);
INSERT INTO `u_role_permission` VALUES (74, 2, 28);
INSERT INTO `u_role_permission` VALUES (75, 2, 29);
INSERT INTO `u_role_permission` VALUES (76, 2, 30);
INSERT INTO `u_role_permission` VALUES (77, 2, 31);
INSERT INTO `u_role_permission` VALUES (78, 2, 32);
INSERT INTO `u_role_permission` VALUES (79, 2, 33);
INSERT INTO `u_role_permission` VALUES (80, 2, 34);
INSERT INTO `u_role_permission` VALUES (82, 3, 41);
INSERT INTO `u_role_permission` VALUES (83, 3, 42);
INSERT INTO `u_role_permission` VALUES (84, 3, 43);
INSERT INTO `u_role_permission` VALUES (85, 3, 44);
INSERT INTO `u_role_permission` VALUES (86, 3, 45);
INSERT INTO `u_role_permission` VALUES (87, 3, 46);

-- ----------------------------
-- Table structure for u_staff_info
-- ----------------------------
DROP TABLE IF EXISTS `u_staff_info`;
CREATE TABLE `u_staff_info`  (
  `id` int(11) NOT NULL AUTO_INCREMENT,
  `phone` varchar(15) CHARACTER SET utf8 COLLATE utf8_general_ci DEFAULT NULL COMMENT '手机号',
  `email` varchar(50) CHARACTER SET utf8 COLLATE utf8_general_ci DEFAULT NULL COMMENT '邮箱',
  `realName` varchar(30) CHARACTER SET utf8 COLLATE utf8_general_ci DEFAULT NULL COMMENT '姓名',
  `sex` int(1) DEFAULT NULL COMMENT '性别，0女，1男',
  `staffNo` varchar(15) CHARACTER SET utf8 COLLATE utf8_general_ci DEFAULT NULL COMMENT '员工编号',
  `orgId` int(11) NOT NULL COMMENT '所在部门ID',
  `jobTitle` varchar(255) CHARACTER SET utf8 COLLATE utf8_general_ci DEFAULT NULL COMMENT '职位',
  `hireDate` datetime(0) DEFAULT NULL COMMENT '入职时间',
  PRIMARY KEY (`id`) USING BTREE
) ENGINE = InnoDB AUTO_INCREMENT = 13 CHARACTER SET = utf8 COLLATE = utf8_general_ci ROW_FORMAT = Dynamic;

-- ----------------------------
-- Records of u_staff_info
-- ----------------------------
INSERT INTO `u_staff_info` VALUES (1, '13703891232', 'zhangsan@bjpowernode.com', '张三', 1, 'PN201700001', 2, 'Java开发工程师', '2017-09-01 08:50:17');
INSERT INTO `u_staff_info` VALUES (2, '13819802311', 'zhangsan@bjpowernode.com', '张三', 1, 'PN201700002', 2, 'Java开发工程师', '2017-09-01 08:50:17');
INSERT INTO `u_staff_info` VALUES (3, '13900012331', 'zhangsan@bjpowernode.com', '张三', 1, 'PN201700003', 2, 'Java开发工程师', '2017-09-01 08:50:17');
INSERT INTO `u_staff_info` VALUES (4, '13209808312', 'zhangsan@bjpowernode.com', '张三', 1, 'PN201700004', 2, 'Java开发工程师', '2017-09-01 08:50:17');
INSERT INTO `u_staff_info` VALUES (5, '13107658308', 'zhangsan@bjpowernode.com', '张三', 1, 'PN201700005', 2, 'Java开发工程师', '2017-09-01 08:50:17');
INSERT INTO `u_staff_info` VALUES (6, '13212989433', 'zhangsan@bjpowernode.com', '张三', 1, 'PN201700006', 2, 'Java开发工程师', '2017-09-01 08:50:17');
INSERT INTO `u_staff_info` VALUES (7, '13300678978', 'zhangsan@bjpowernode.com', '张三', 1, 'PN201700007', 2, 'Java开发工程师', '2017-09-01 08:50:17');
INSERT INTO `u_staff_info` VALUES (8, '13409876598', 'zhangsan@bjpowernode.com', '张三', 1, 'PN201700008', 2, 'Java开发工程师', '2017-09-01 08:50:17');
INSERT INTO `u_staff_info` VALUES (9, '15865432222', 'zhangsan@bjpowernode.com', '张三', 1, 'PN201700009', 2, 'Java开发工程师', '2017-09-01 08:50:17');
INSERT INTO `u_staff_info` VALUES (10, '15956789090', 'zhangsan@bjpowernode.com', '张三', 1, 'PN201700010', 2, 'Java开发工程师', '2017-09-01 08:50:17');
INSERT INTO `u_staff_info` VALUES (11, '13720050987', 'zhangsan@bjpowernode.com', '张三', 1, 'PN201700011', 2, 'Java开发工程师', '2017-09-01 08:50:17');
INSERT INTO `u_staff_info` VALUES (12, '13730981236', 'zhangsan@bjpowernode.com', '张三', 1, 'PN201700012', 2, 'Java开发工程师', '2017-09-01 08:50:17');

-- ----------------------------
-- Table structure for u_user_info
-- ----------------------------
DROP TABLE IF EXISTS `u_user_info`;
CREATE TABLE `u_user_info`  (
  `id` int(11) NOT NULL AUTO_INCREMENT COMMENT '主键ID',
  `username` varchar(50) CHARACTER SET utf8 COLLATE utf8_general_ci NOT NULL COMMENT '登录用户名',
  `password` varchar(50) CHARACTER SET utf8 COLLATE utf8_general_ci NOT NULL COMMENT '登录密码',
  `lastLoginTime` datetime(0) DEFAULT NULL COMMENT '最近登录时间',
  `staffId` int(11) NOT NULL COMMENT '员工ID',
  PRIMARY KEY (`id`) USING BTREE
) ENGINE = InnoDB AUTO_INCREMENT = 153 CHARACTER SET = utf8 COLLATE = utf8_general_ci ROW_FORMAT = Dynamic;

-- ----------------------------
-- Records of u_user_info
-- ----------------------------
INSERT INTO `u_user_info` VALUES (1, 'admin', '96e79218965eb72c92a549dd5a330112', '2017-10-04 16:24:23', 1);
INSERT INTO `u_user_info` VALUES (2, 'zhaiquan', 'e10adc3949ba59abbe56e057f20f883e', '2017-10-22 19:53:51', 2);
INSERT INTO `u_user_info` VALUES (3, 'shichang', 'e10adc3949ba59abbe56e057f20f883e', '2017-10-22 19:57:23', 3);
INSERT INTO `u_user_info` VALUES (4, 'lisi', 'e10adc3949ba59abbe56e057f20f883e', '2017-10-22 19:57:23', 4);
INSERT INTO `u_user_info` VALUES (5, 'wangwu', 'e10adc3949ba59abbe56e057f20f883e', '2017-10-22 19:57:23', 5);
INSERT INTO `u_user_info` VALUES (6, 'mazi', 'e10adc3949ba59abbe56e057f20f883e', '2017-10-22 19:57:23', 6);
INSERT INTO `u_user_info` VALUES (7, 'xiexian', 'e10adc3949ba59abbe56e057f20f883e', '2017-10-22 19:57:23', 7);
INSERT INTO `u_user_info` VALUES (8, 'xitingfeng', 'e10adc3949ba59abbe56e057f20f883e', '2017-10-22 19:57:23', 8);
INSERT INTO `u_user_info` VALUES (9, 'zhangsanfeng', 'e10adc3949ba59abbe56e057f20f883e', '2017-10-22 19:57:23', 9);
INSERT INTO `u_user_info` VALUES (10, 'guojing', 'e10adc3949ba59abbe56e057f20f883e', '2017-10-22 19:57:24', 10);
INSERT INTO `u_user_info` VALUES (11, 'wuwei', 'e10adc3949ba59abbe56e057f20f883e', '2017-10-22 19:57:24', 11);
INSERT INTO `u_user_info` VALUES (12, 'xiena', 'e10adc3949ba59abbe56e057f20f883e', '2017-10-22 19:57:24', 12);
INSERT INTO `u_user_info` VALUES (13, 'limingbo', 'e10adc3949ba59abbe56e057f20f883e', '2017-10-22 19:57:24', 13);
INSERT INTO `u_user_info` VALUES (14, 'liyuanchang', 'e10adc3949ba59abbe56e057f20f883e', '2017-10-22 19:57:24', 14);
INSERT INTO `u_user_info` VALUES (15, 'yangfang', 'e10adc3949ba59abbe56e057f20f883e', '2017-10-22 19:57:24', 15);
INSERT INTO `u_user_info` VALUES (16, 'yangyang', 'e10adc3949ba59abbe56e057f20f883e', '2017-10-22 19:57:24', 16);
INSERT INTO `u_user_info` VALUES (17, 'liwuwu', 'e10adc3949ba59abbe56e057f20f883e', '2017-10-22 19:57:24', 17);
INSERT INTO `u_user_info` VALUES (18, 'zhangqingkai', 'e10adc3949ba59abbe56e057f20f883e', '2017-10-22 19:57:24', 18);
INSERT INTO `u_user_info` VALUES (19, 'xiebaowen', 'e10adc3949ba59abbe56e057f20f883e', '2017-10-22 19:57:24', 19);
INSERT INTO `u_user_info` VALUES (20, 'lijiashi', 'e10adc3949ba59abbe56e057f20f883e', '2017-10-22 19:57:24', 20);
INSERT INTO `u_user_info` VALUES (21, 'laiwanquan', 'e10adc3949ba59abbe56e057f20f883e', '2017-10-22 19:57:24', 21);
INSERT INTO `u_user_info` VALUES (22, 'zhangdejiang', 'e10adc3949ba59abbe56e057f20f883e', '2017-10-22 19:57:24', 22);
INSERT INTO `u_user_info` VALUES (23, 'xiebaochuan', 'e10adc3949ba59abbe56e057f20f883e', '2017-10-22 19:57:24', 23);
INSERT INTO `u_user_info` VALUES (24, 'liwangqing', 'e10adc3949ba59abbe56e057f20f883e', '2017-10-22 19:57:24', 24);
INSERT INTO `u_user_info` VALUES (25, 'gongqingwen', 'e10adc3949ba59abbe56e057f20f883e', '2017-10-22 19:57:24', 25);
INSERT INTO `u_user_info` VALUES (26, 'shizhenchuan', 'e10adc3949ba59abbe56e057f20f883e', '2017-10-22 19:57:24', 26);
INSERT INTO `u_user_info` VALUES (27, 'yangxianghua', 'e10adc3949ba59abbe56e057f20f883e', '2017-10-22 19:57:24', 27);
INSERT INTO `u_user_info` VALUES (28, 'zhangsan', 'e10adc3949ba59abbe56e057f20f883e', '2017-10-22 20:53:17', 28);
INSERT INTO `u_user_info` VALUES (29, 'lisi', 'e10adc3949ba59abbe56e057f20f883e', '2017-10-22 20:53:17', 29);
INSERT INTO `u_user_info` VALUES (30, 'wangwu', 'e10adc3949ba59abbe56e057f20f883e', '2017-10-22 20:53:17', 30);
INSERT INTO `u_user_info` VALUES (31, 'mazi', 'e10adc3949ba59abbe56e057f20f883e', '2017-10-22 20:53:17', 31);
INSERT INTO `u_user_info` VALUES (32, 'xiexian', 'e10adc3949ba59abbe56e057f20f883e', '2017-10-22 20:53:17', 32);
INSERT INTO `u_user_info` VALUES (33, 'xitingfeng', 'e10adc3949ba59abbe56e057f20f883e', '2017-10-22 20:53:17', 33);
INSERT INTO `u_user_info` VALUES (34, 'zhangsanfeng', 'e10adc3949ba59abbe56e057f20f883e', '2017-10-22 20:53:17', 34);
INSERT INTO `u_user_info` VALUES (35, 'guojing', 'e10adc3949ba59abbe56e057f20f883e', '2017-10-22 20:53:17', 35);
INSERT INTO `u_user_info` VALUES (36, 'wuwei', 'e10adc3949ba59abbe56e057f20f883e', '2017-10-22 20:53:17', 36);
INSERT INTO `u_user_info` VALUES (37, 'xiena', 'e10adc3949ba59abbe56e057f20f883e', '2017-10-22 20:53:17', 37);
INSERT INTO `u_user_info` VALUES (38, 'limingbo', 'e10adc3949ba59abbe56e057f20f883e', '2017-10-22 20:53:17', 38);
INSERT INTO `u_user_info` VALUES (39, 'liyuanchang', 'e10adc3949ba59abbe56e057f20f883e', '2017-10-22 20:53:17', 39);
INSERT INTO `u_user_info` VALUES (40, 'yangfang', 'e10adc3949ba59abbe56e057f20f883e', '2017-10-22 20:53:17', 40);
INSERT INTO `u_user_info` VALUES (41, 'yangyang', 'e10adc3949ba59abbe56e057f20f883e', '2017-10-22 20:53:17', 41);
INSERT INTO `u_user_info` VALUES (42, 'liwuwu', 'e10adc3949ba59abbe56e057f20f883e', '2017-10-22 20:53:17', 42);
INSERT INTO `u_user_info` VALUES (43, 'zhangqingkai', 'e10adc3949ba59abbe56e057f20f883e', '2017-10-22 20:53:17', 43);
INSERT INTO `u_user_info` VALUES (44, 'xiebaowen', 'e10adc3949ba59abbe56e057f20f883e', '2017-10-22 20:53:17', 44);
INSERT INTO `u_user_info` VALUES (45, 'lijiashi', 'e10adc3949ba59abbe56e057f20f883e', '2017-10-22 20:53:17', 45);
INSERT INTO `u_user_info` VALUES (46, 'laiwanquan', 'e10adc3949ba59abbe56e057f20f883e', '2017-10-22 20:53:17', 46);
INSERT INTO `u_user_info` VALUES (47, 'zhangdejiang', 'e10adc3949ba59abbe56e057f20f883e', '2017-10-22 20:53:17', 47);
INSERT INTO `u_user_info` VALUES (48, 'xiebaochuan', 'e10adc3949ba59abbe56e057f20f883e', '2017-10-22 20:53:17', 48);
INSERT INTO `u_user_info` VALUES (49, 'liwangqing', 'e10adc3949ba59abbe56e057f20f883e', '2017-10-22 20:53:17', 49);
INSERT INTO `u_user_info` VALUES (50, 'gongqingwen', 'e10adc3949ba59abbe56e057f20f883e', '2017-10-22 20:53:17', 50);
INSERT INTO `u_user_info` VALUES (51, 'shizhenchuan', 'e10adc3949ba59abbe56e057f20f883e', '2017-10-22 20:53:17', 51);
INSERT INTO `u_user_info` VALUES (52, 'yangxianghua', 'e10adc3949ba59abbe56e057f20f883e', '2017-10-22 20:53:17', 52);
INSERT INTO `u_user_info` VALUES (53, 'zhangsan', 'e10adc3949ba59abbe56e057f20f883e', '2017-10-22 20:53:17', 53);
INSERT INTO `u_user_info` VALUES (54, 'lisi', 'e10adc3949ba59abbe56e057f20f883e', '2017-10-22 20:53:17', 54);
INSERT INTO `u_user_info` VALUES (55, 'wangwu', 'e10adc3949ba59abbe56e057f20f883e', '2017-10-22 20:53:17', 55);
INSERT INTO `u_user_info` VALUES (56, 'mazi', 'e10adc3949ba59abbe56e057f20f883e', '2017-10-22 20:53:17', 56);
INSERT INTO `u_user_info` VALUES (57, 'xiexian', 'e10adc3949ba59abbe56e057f20f883e', '2017-10-22 20:53:17', 57);
INSERT INTO `u_user_info` VALUES (58, 'xitingfeng', 'e10adc3949ba59abbe56e057f20f883e', '2017-10-22 20:53:17', 58);
INSERT INTO `u_user_info` VALUES (59, 'zhangsanfeng', 'e10adc3949ba59abbe56e057f20f883e', '2017-10-22 20:53:17', 59);
INSERT INTO `u_user_info` VALUES (60, 'guojing', 'e10adc3949ba59abbe56e057f20f883e', '2017-10-22 20:53:17', 60);
INSERT INTO `u_user_info` VALUES (61, 'wuwei', 'e10adc3949ba59abbe56e057f20f883e', '2017-10-22 20:53:17', 61);
INSERT INTO `u_user_info` VALUES (62, 'xiena', 'e10adc3949ba59abbe56e057f20f883e', '2017-10-22 20:53:17', 62);
INSERT INTO `u_user_info` VALUES (63, 'limingbo', 'e10adc3949ba59abbe56e057f20f883e', '2017-10-22 20:53:17', 63);
INSERT INTO `u_user_info` VALUES (64, 'liyuanchang', 'e10adc3949ba59abbe56e057f20f883e', '2017-10-22 20:53:17', 64);
INSERT INTO `u_user_info` VALUES (65, 'yangfang', 'e10adc3949ba59abbe56e057f20f883e', '2017-10-22 20:53:17', 65);
INSERT INTO `u_user_info` VALUES (66, 'yangyang', 'e10adc3949ba59abbe56e057f20f883e', '2017-10-22 20:53:17', 66);
INSERT INTO `u_user_info` VALUES (67, 'liwuwu', 'e10adc3949ba59abbe56e057f20f883e', '2017-10-22 20:53:17', 67);
INSERT INTO `u_user_info` VALUES (68, 'zhangqingkai', 'e10adc3949ba59abbe56e057f20f883e', '2017-10-22 20:53:17', 68);
INSERT INTO `u_user_info` VALUES (69, 'xiebaowen', 'e10adc3949ba59abbe56e057f20f883e', '2017-10-22 20:53:17', 69);
INSERT INTO `u_user_info` VALUES (70, 'lijiashi', 'e10adc3949ba59abbe56e057f20f883e', '2017-10-22 20:53:17', 70);
INSERT INTO `u_user_info` VALUES (71, 'laiwanquan', 'e10adc3949ba59abbe56e057f20f883e', '2017-10-22 20:53:17', 71);
INSERT INTO `u_user_info` VALUES (72, 'zhangdejiang', 'e10adc3949ba59abbe56e057f20f883e', '2017-10-22 20:53:17', 72);
INSERT INTO `u_user_info` VALUES (73, 'xiebaochuan', 'e10adc3949ba59abbe56e057f20f883e', '2017-10-22 20:53:17', 73);
INSERT INTO `u_user_info` VALUES (74, 'liwangqing', 'e10adc3949ba59abbe56e057f20f883e', '2017-10-22 20:53:17', 74);
INSERT INTO `u_user_info` VALUES (75, 'gongqingwen', 'e10adc3949ba59abbe56e057f20f883e', '2017-10-22 20:53:17', 75);
INSERT INTO `u_user_info` VALUES (76, 'shizhenchuan', 'e10adc3949ba59abbe56e057f20f883e', '2017-10-22 20:53:17', 75);
INSERT INTO `u_user_info` VALUES (77, 'yangxianghua', 'e10adc3949ba59abbe56e057f20f883e', '2017-10-22 20:53:17', 77);
INSERT INTO `u_user_info` VALUES (78, 'zhangsan', 'e10adc3949ba59abbe56e057f20f883e', '2017-10-22 20:53:17', 78);
INSERT INTO `u_user_info` VALUES (79, 'lisi', 'e10adc3949ba59abbe56e057f20f883e', '2017-10-22 20:53:17', 79);
INSERT INTO `u_user_info` VALUES (80, 'wangwu', 'e10adc3949ba59abbe56e057f20f883e', '2017-10-22 20:53:17', 80);
INSERT INTO `u_user_info` VALUES (81, 'mazi', 'e10adc3949ba59abbe56e057f20f883e', '2017-10-22 20:53:17', 81);
INSERT INTO `u_user_info` VALUES (82, 'xiexian', 'e10adc3949ba59abbe56e057f20f883e', '2017-10-22 20:53:17', 82);
INSERT INTO `u_user_info` VALUES (83, 'xitingfeng', 'e10adc3949ba59abbe56e057f20f883e', '2017-10-22 20:53:17', 83);
INSERT INTO `u_user_info` VALUES (84, 'zhangsanfeng', 'e10adc3949ba59abbe56e057f20f883e', '2017-10-22 20:53:17', 84);
INSERT INTO `u_user_info` VALUES (85, 'guojing', 'e10adc3949ba59abbe56e057f20f883e', '2017-10-22 20:53:17', 85);
INSERT INTO `u_user_info` VALUES (86, 'wuwei', 'e10adc3949ba59abbe56e057f20f883e', '2017-10-22 20:53:17', 86);
INSERT INTO `u_user_info` VALUES (87, 'xiena', 'e10adc3949ba59abbe56e057f20f883e', '2017-10-22 20:53:17', 87);
INSERT INTO `u_user_info` VALUES (88, 'limingbo', 'e10adc3949ba59abbe56e057f20f883e', '2017-10-22 20:53:17', 88);
INSERT INTO `u_user_info` VALUES (89, 'liyuanchang', 'e10adc3949ba59abbe56e057f20f883e', '2017-10-22 20:53:17', 89);
INSERT INTO `u_user_info` VALUES (90, 'yangfang', 'e10adc3949ba59abbe56e057f20f883e', '2017-10-22 20:53:17', 90);
INSERT INTO `u_user_info` VALUES (91, 'yangyang', 'e10adc3949ba59abbe56e057f20f883e', '2017-10-22 20:53:17', 91);
INSERT INTO `u_user_info` VALUES (92, 'liwuwu', 'e10adc3949ba59abbe56e057f20f883e', '2017-10-22 20:53:17', 92);
INSERT INTO `u_user_info` VALUES (93, 'zhangqingkai', 'e10adc3949ba59abbe56e057f20f883e', '2017-10-22 20:53:17', 93);
INSERT INTO `u_user_info` VALUES (94, 'xiebaowen', 'e10adc3949ba59abbe56e057f20f883e', '2017-10-22 20:53:17', 94);
INSERT INTO `u_user_info` VALUES (95, 'lijiashi', 'e10adc3949ba59abbe56e057f20f883e', '2017-10-22 20:53:17', 95);
INSERT INTO `u_user_info` VALUES (96, 'laiwanquan', 'e10adc3949ba59abbe56e057f20f883e', '2017-10-22 20:53:17', 96);
INSERT INTO `u_user_info` VALUES (97, 'zhangdejiang', 'e10adc3949ba59abbe56e057f20f883e', '2017-10-22 20:53:17', 97);
INSERT INTO `u_user_info` VALUES (98, 'xiebaochuan', 'e10adc3949ba59abbe56e057f20f883e', '2017-10-22 20:53:17', 98);
INSERT INTO `u_user_info` VALUES (99, 'liwangqing', 'e10adc3949ba59abbe56e057f20f883e', '2017-10-22 20:53:17', 99);
INSERT INTO `u_user_info` VALUES (100, 'gongqingwen', 'e10adc3949ba59abbe56e057f20f883e', '2017-10-22 20:53:17', 100);
INSERT INTO `u_user_info` VALUES (101, 'shizhenchuan', 'e10adc3949ba59abbe56e057f20f883e', '2017-10-22 20:53:17', 101);
INSERT INTO `u_user_info` VALUES (102, 'yangxianghua', 'e10adc3949ba59abbe56e057f20f883e', '2017-10-22 20:53:17', 102);
INSERT INTO `u_user_info` VALUES (103, 'zhangsan', 'e10adc3949ba59abbe56e057f20f883e', '2017-10-22 20:53:17', 103);
INSERT INTO `u_user_info` VALUES (104, 'lisi', 'e10adc3949ba59abbe56e057f20f883e', '2017-10-22 20:53:17', 104);
INSERT INTO `u_user_info` VALUES (105, 'wangwu', 'e10adc3949ba59abbe56e057f20f883e', '2017-10-22 20:53:17', 105);
INSERT INTO `u_user_info` VALUES (106, 'mazi', 'e10adc3949ba59abbe56e057f20f883e', '2017-10-22 20:53:17', 106);
INSERT INTO `u_user_info` VALUES (107, 'xiexian', 'e10adc3949ba59abbe56e057f20f883e', '2017-10-22 20:53:17', 107);
INSERT INTO `u_user_info` VALUES (108, 'xitingfeng', 'e10adc3949ba59abbe56e057f20f883e', '2017-10-22 20:53:17', 108);
INSERT INTO `u_user_info` VALUES (109, 'zhangsanfeng', 'e10adc3949ba59abbe56e057f20f883e', '2017-10-22 20:53:17', 109);
INSERT INTO `u_user_info` VALUES (110, 'guojing', 'e10adc3949ba59abbe56e057f20f883e', '2017-10-22 20:53:17', 110);
INSERT INTO `u_user_info` VALUES (111, 'wuwei', 'e10adc3949ba59abbe56e057f20f883e', '2017-10-22 20:53:17', 111);
INSERT INTO `u_user_info` VALUES (112, 'xiena', 'e10adc3949ba59abbe56e057f20f883e', '2017-10-22 20:53:17', 112);
INSERT INTO `u_user_info` VALUES (113, 'limingbo', 'e10adc3949ba59abbe56e057f20f883e', '2017-10-22 20:53:17', 113);
INSERT INTO `u_user_info` VALUES (114, 'liyuanchang', 'e10adc3949ba59abbe56e057f20f883e', '2017-10-22 20:53:17', 114);
INSERT INTO `u_user_info` VALUES (115, 'yangfang', 'e10adc3949ba59abbe56e057f20f883e', '2017-10-22 20:53:17', 115);
INSERT INTO `u_user_info` VALUES (116, 'yangyang', 'e10adc3949ba59abbe56e057f20f883e', '2017-10-22 20:53:17', 116);
INSERT INTO `u_user_info` VALUES (117, 'liwuwu', 'e10adc3949ba59abbe56e057f20f883e', '2017-10-22 20:53:17', 117);
INSERT INTO `u_user_info` VALUES (118, 'zhangqingkai', 'e10adc3949ba59abbe56e057f20f883e', '2017-10-22 20:53:17', 118);
INSERT INTO `u_user_info` VALUES (119, 'xiebaowen', 'e10adc3949ba59abbe56e057f20f883e', '2017-10-22 20:53:17', 119);
INSERT INTO `u_user_info` VALUES (120, 'lijiashi', 'e10adc3949ba59abbe56e057f20f883e', '2017-10-22 20:53:17', 120);
INSERT INTO `u_user_info` VALUES (121, 'laiwanquan', 'e10adc3949ba59abbe56e057f20f883e', '2017-10-22 20:53:17', 121);
INSERT INTO `u_user_info` VALUES (122, 'zhangdejiang', 'e10adc3949ba59abbe56e057f20f883e', '2017-10-22 20:53:17', 122);
INSERT INTO `u_user_info` VALUES (123, 'xiebaochuan', 'e10adc3949ba59abbe56e057f20f883e', '2017-10-22 20:53:17', 123);
INSERT INTO `u_user_info` VALUES (124, 'liwangqing', 'e10adc3949ba59abbe56e057f20f883e', '2017-10-22 20:53:17', 124);
INSERT INTO `u_user_info` VALUES (125, 'gongqingwen', 'e10adc3949ba59abbe56e057f20f883e', '2017-10-22 20:53:17', 125);
INSERT INTO `u_user_info` VALUES (126, 'shizhenchuan', 'e10adc3949ba59abbe56e057f20f883e', '2017-10-22 20:53:17', 126);
INSERT INTO `u_user_info` VALUES (127, 'yangxianghua', 'e10adc3949ba59abbe56e057f20f883e', '2017-10-22 20:53:17', 127);
INSERT INTO `u_user_info` VALUES (128, 'zhangsan', 'e10adc3949ba59abbe56e057f20f883e', '2017-10-22 20:53:17', 128);
INSERT INTO `u_user_info` VALUES (129, 'lisi', 'e10adc3949ba59abbe56e057f20f883e', '2017-10-22 20:53:17', 129);
INSERT INTO `u_user_info` VALUES (130, 'wangwu', 'e10adc3949ba59abbe56e057f20f883e', '2017-10-22 20:53:17', 130);
INSERT INTO `u_user_info` VALUES (131, 'mazi', 'e10adc3949ba59abbe56e057f20f883e', '2017-10-22 20:53:17', 131);
INSERT INTO `u_user_info` VALUES (132, 'xiexian', 'e10adc3949ba59abbe56e057f20f883e', '2017-10-22 20:53:17', 132);
INSERT INTO `u_user_info` VALUES (133, 'xitingfeng', 'e10adc3949ba59abbe56e057f20f883e', '2017-10-22 20:53:17', 133);
INSERT INTO `u_user_info` VALUES (134, 'zhangsanfeng', 'e10adc3949ba59abbe56e057f20f883e', '2017-10-22 20:53:17', 134);
INSERT INTO `u_user_info` VALUES (135, 'guojing', 'e10adc3949ba59abbe56e057f20f883e', '2017-10-22 20:53:17', 135);
INSERT INTO `u_user_info` VALUES (136, 'wuwei', 'e10adc3949ba59abbe56e057f20f883e', '2017-10-22 20:53:17', 136);
INSERT INTO `u_user_info` VALUES (137, 'xiena', 'e10adc3949ba59abbe56e057f20f883e', '2017-10-22 20:53:17', 137);
INSERT INTO `u_user_info` VALUES (138, 'limingbo', 'e10adc3949ba59abbe56e057f20f883e', '2017-10-22 20:53:17', 138);
INSERT INTO `u_user_info` VALUES (139, 'liyuanchang', 'e10adc3949ba59abbe56e057f20f883e', '2017-10-22 20:53:17', 139);
INSERT INTO `u_user_info` VALUES (140, 'yangfang', 'e10adc3949ba59abbe56e057f20f883e', '2017-10-22 20:53:17', 140);
INSERT INTO `u_user_info` VALUES (141, 'yangyang', 'e10adc3949ba59abbe56e057f20f883e', '2017-10-22 20:53:17', 141);
INSERT INTO `u_user_info` VALUES (142, 'liwuwu', 'e10adc3949ba59abbe56e057f20f883e', '2017-10-22 20:53:17', 142);
INSERT INTO `u_user_info` VALUES (143, 'zhangqingkai', 'e10adc3949ba59abbe56e057f20f883e', '2017-10-22 20:53:17', 143);
INSERT INTO `u_user_info` VALUES (144, 'xiebaowen', 'e10adc3949ba59abbe56e057f20f883e', '2017-10-22 20:53:17', 144);
INSERT INTO `u_user_info` VALUES (145, 'lijiashi', 'e10adc3949ba59abbe56e057f20f883e', '2017-10-22 20:53:17', 145);
INSERT INTO `u_user_info` VALUES (146, 'laiwanquan', 'e10adc3949ba59abbe56e057f20f883e', '2017-10-22 20:53:17', 146);
INSERT INTO `u_user_info` VALUES (147, 'zhangdejiang', 'e10adc3949ba59abbe56e057f20f883e', '2017-10-22 20:53:17', 147);
INSERT INTO `u_user_info` VALUES (148, 'xiebaochuan', 'e10adc3949ba59abbe56e057f20f883e', '2017-10-22 20:53:17', 148);
INSERT INTO `u_user_info` VALUES (149, 'liwangqing', 'e10adc3949ba59abbe56e057f20f883e', '2017-10-22 20:53:17', 149);
INSERT INTO `u_user_info` VALUES (150, 'gongqingwen', 'e10adc3949ba59abbe56e057f20f883e', '2017-10-22 20:53:17', 150);
INSERT INTO `u_user_info` VALUES (151, 'shizhenchuan', 'e10adc3949ba59abbe56e057f20f883e', '2017-10-22 20:53:17', 151);
INSERT INTO `u_user_info` VALUES (152, 'yangxianghua', 'e10adc3949ba59abbe56e057f20f883e', '2017-10-22 20:53:17', 152);

-- ----------------------------
-- Table structure for u_user_role
-- ----------------------------
DROP TABLE IF EXISTS `u_user_role`;
CREATE TABLE `u_user_role`  (
  `id` int(11) NOT NULL AUTO_INCREMENT COMMENT '主键ID',
  `user_id` int(11) NOT NULL COMMENT '用户ID',
  `role_id` int(11) NOT NULL COMMENT '角色ID',
  PRIMARY KEY (`id`) USING BTREE
) ENGINE = InnoDB AUTO_INCREMENT = 4 CHARACTER SET = utf8 COLLATE = utf8_general_ci ROW_FORMAT = Dynamic;

-- ----------------------------
-- Records of u_user_role
-- ----------------------------
INSERT INTO `u_user_role` VALUES (1, 1, 1);
INSERT INTO `u_user_role` VALUES (2, 2, 2);
INSERT INTO `u_user_role` VALUES (3, 3, 3);

SET FOREIGN_KEY_CHECKS = 1;
